Step,UTC Time,Traffic Light,Phase,North,South,East,West,Exited Vehicles
0.1,08:57:59,CJ_TL,0,1,1,1,0,0
0.2,08:57:59,CJ_TL,0,1,1,1,0,0
0.3,08:57:59,CJ_TL,0,1,1,1,0,0
0.4,08:57:59,CJ_TL,0,1,1,1,0,0
0.5,08:57:59,CJ_TL,0,1,1,1,0,0
0.6,08:57:59,CJ_TL,0,1,1,1,0,0
0.7,08:57:59,CJ_TL,0,1,1,1,0,0
0.8,08:57:59,CJ_TL,0,1,1,1,0,0
0.9,08:57:59,CJ_TL,0,1,1,1,0,0
1.0,08:57:59,CJ_TL,0,1,1,1,0,0
1.1,08:57:59,CJ_TL,1,1,1,1,0,0
1.2,08:57:59,CJ_TL,1,1,1,1,0,0
1.3,08:57:59,CJ_TL,1,1,1,1,0,0
1.4,08:57:59,CJ_TL,1,1,1,1,0,0
1.5,08:57:59,CJ_TL,1,1,1,1,0,0
1.6,08:57:59,CJ_TL,1,1,1,1,0,0
1.7,08:57:59,CJ_TL,1,1,1,1,0,0
1.8,08:57:59,CJ_TL,1,1,1,1,0,0
1.9,08:57:59,CJ_TL,1,1,1,1,0,0
2.0,08:57:59,CJ_TL,1,1,1,1,0,0
2.1,08:57:59,CJ_TL,1,1,1,1,0,0
2.2,08:57:59,CJ_TL,2,1,1,1,0,0
2.3,08:57:59,CJ_TL,2,1,1,1,0,0
2.4,08:57:59,CJ_TL,2,1,1,1,0,0
2.5,08:57:59,CJ_TL,2,1,1,1,1,0
2.6,08:57:59,CJ_TL,2,1,1,1,1,0
2.7,08:57:59,CJ_TL,2,2,1,1,1,0
2.8,08:57:59,CJ_TL,2,2,1,2,1,0
2.9,08:57:59,CJ_TL,2,2,1,2,1,0
3.0,08:58:00,CJ_TL,2,2,1,2,1,0
3.1,08:58:00,CJ_TL,2,2,1,2,1,0
3.2,08:58:00,CJ_TL,2,2,1,2,1,0
3.3,08:58:00,CJ_TL,3,2,1,2,1,0
3.4,08:58:00,CJ_TL,3,2,1,2,1,0
3.5,08:58:00,CJ_TL,3,2,1,2,1,0
3.6,08:58:00,CJ_TL,3,2,1,2,1,0
3.7,08:58:00,CJ_TL,3,2,1,2,1,0
3.8,08:58:00,CJ_TL,3,2,1,2,1,0
3.9,08:58:00,CJ_TL,3,2,1,2,1,0
4.0,08:58:00,CJ_TL,3,2,1,2,1,0
4.1,08:58:00,CJ_TL,3,2,1,2,1,0
4.2,08:58:00,CJ_TL,3,2,1,2,1,0
4.3,08:58:00,CJ_TL,3,2,1,2,1,0
4.4,08:58:00,CJ_TL,0,2,1,2,1,0
4.5,08:58:00,CJ_TL,0,2,1,2,1,0
4.6,08:58:00,CJ_TL,0,2,1,2,1,0
4.7,08:58:00,CJ_TL,0,2,1,2,1,0
4.8,08:58:00,CJ_TL,0,2,1,2,1,0
4.9,08:58:00,CJ_TL,0,2,1,2,1,0
5.0,08:58:00,CJ_TL,0,2,1,2,1,0
5.1,08:58:00,CJ_TL,0,2,1,2,1,0
5.2,08:58:00,CJ_TL,0,2,1,2,1,0
5.3,08:58:00,CJ_TL,0,2,1,2,1,0
5.4,08:58:00,CJ_TL,0,2,1,2,1,0
5.5,08:58:00,CJ_TL,1,2,1,2,1,0
5.6,08:58:00,CJ_TL,1,2,1,2,1,0
5.7,08:58:00,CJ_TL,1,2,1,2,1,0
5.8,08:58:00,CJ_TL,1,2,1,2,1,0
5.9,08:58:00,CJ_TL,1,2,1,2,1,0
6.0,08:58:00,CJ_TL,1,2,1,2,1,0
6.1,08:58:00,CJ_TL,1,2,1,2,1,0
6.2,08:58:00,CJ_TL,1,2,1,2,1,0
6.3,08:58:00,CJ_TL,1,2,2,2,1,0
6.4,08:58:00,CJ_TL,1,2,2,2,1,0
6.5,08:58:00,CJ_TL,1,2,2,2,1,0
6.6,08:58:00,CJ_TL,2,2,2,2,1,0
6.7,08:58:00,CJ_TL,2,2,2,2,1,0
6.8,08:58:00,CJ_TL,2,2,2,2,1,0
6.9,08:58:00,CJ_TL,2,2,2,2,1,0
7.0,08:58:00,CJ_TL,2,2,2,3,1,0
7.1,08:58:00,CJ_TL,2,2,2,3,1,0
7.2,08:58:00,CJ_TL,2,2,2,3,1,0
7.3,08:58:00,CJ_TL,2,2,2,3,1,0
7.4,08:58:00,CJ_TL,2,2,2,3,1,0
7.5,08:58:00,CJ_TL,2,2,2,3,1,0
7.6,08:58:00,CJ_TL,2,2,2,3,1,0
7.7,08:58:00,CJ_TL,3,2,2,3,1,0
7.8,08:58:00,CJ_TL,3,2,2,3,1,0
7.9,08:58:00,CJ_TL,3,2,2,3,1,0
8.0,08:58:00,CJ_TL,3,2,2,3,1,0
8.1,08:58:00,CJ_TL,3,2,2,3,1,0
8.2,08:58:00,CJ_TL,3,3,2,3,1,0
8.3,08:58:00,CJ_TL,3,3,2,3,2,0
8.4,08:58:00,CJ_TL,3,3,2,3,2,0
8.5,08:58:00,CJ_TL,3,3,2,3,2,0
8.6,08:58:00,CJ_TL,3,3,2,3,2,0
8.7,08:58:00,CJ_TL,3,3,2,3,2,0
8.8,08:58:00,CJ_TL,0,3,2,3,2,0
8.9,08:58:00,CJ_TL,0,3,3,3,2,0
9.0,08:58:00,CJ_TL,0,3,3,3,2,0
9.1,08:58:00,CJ_TL,0,3,3,3,2,0
9.2,08:58:00,CJ_TL,0,3,3,3,2,0
9.3,08:58:00,CJ_TL,0,3,3,3,2,0
9.4,08:58:00,CJ_TL,0,3,3,3,2,0
9.5,08:58:00,CJ_TL,0,3,3,3,2,0
9.6,08:58:00,CJ_TL,0,3,3,4,2,0
9.7,08:58:00,CJ_TL,0,3,3,4,2,0
9.8,08:58:00,CJ_TL,0,3,3,4,2,0
9.9,08:58:00,CJ_TL,1,3,3,4,2,0
10.0,08:58:00,CJ_TL,1,3,3,4,2,0
10.1,08:58:00,CJ_TL,1,3,3,4,2,0
10.2,08:58:00,CJ_TL,1,3,3,4,2,0
10.3,08:58:00,CJ_TL,1,3,3,4,2,0
10.4,08:58:00,CJ_TL,1,3,3,4,2,0
10.5,08:58:00,CJ_TL,1,3,3,4,2,0
10.6,08:58:00,CJ_TL,1,3,3,4,2,0
10.7,08:58:01,CJ_TL,1,3,3,4,2,0
10.8,08:58:01,CJ_TL,1,3,3,4,2,0
10.9,08:58:01,CJ_TL,1,3,3,4,2,0
11.0,08:58:01,CJ_TL,2,3,3,4,3,0
11.1,08:58:01,CJ_TL,2,3,3,4,3,0
11.2,08:58:01,CJ_TL,2,3,3,4,3,0
11.3,08:58:01,CJ_TL,2,3,3,4,3,0
11.4,08:58:01,CJ_TL,2,3,3,4,3,0
11.5,08:58:01,CJ_TL,2,3,4,4,3,0
11.6,08:58:01,CJ_TL,2,3,3,4,3,0
11.7,08:58:01,CJ_TL,2,3,3,4,3,0
11.8,08:58:01,CJ_TL,2,3,3,4,3,0
11.9,08:58:01,CJ_TL,2,2,3,4,3,0
12.0,08:58:01,CJ_TL,2,2,3,4,3,0
12.1,08:58:01,CJ_TL,3,2,3,4,3,0
12.2,08:58:01,CJ_TL,3,2,3,5,3,0
12.3,08:58:01,CJ_TL,3,2,3,5,3,0
12.4,08:58:01,CJ_TL,3,2,3,5,3,0
12.5,08:58:01,CJ_TL,3,2,3,5,3,0
12.6,08:58:01,CJ_TL,3,2,3,5,3,0
12.7,08:58:01,CJ_TL,3,2,3,5,3,0
12.8,08:58:01,CJ_TL,3,2,3,5,3,0
12.9,08:58:01,CJ_TL,3,2,3,5,3,0
13.0,08:58:01,CJ_TL,3,2,3,5,3,0
13.1,08:58:01,CJ_TL,3,2,3,5,3,0
13.2,08:58:01,CJ_TL,0,2,3,5,3,0
13.3,08:58:01,CJ_TL,0,2,3,5,3,0
13.4,08:58:01,CJ_TL,0,2,3,5,3,0
13.5,08:58:01,CJ_TL,0,2,3,5,3,0
13.6,08:58:01,CJ_TL,0,2,3,5,4,0
13.7,08:58:01,CJ_TL,0,2,3,5,4,0
13.8,08:58:01,CJ_TL,0,2,3,5,4,0
13.9,08:58:01,CJ_TL,0,2,3,5,4,0
14.0,08:58:01,CJ_TL,0,2,3,5,4,0
14.1,08:58:01,CJ_TL,0,2,4,5,4,0
14.2,08:58:01,CJ_TL,0,2,4,5,4,0
14.3,08:58:01,CJ_TL,1,2,4,5,4,0
14.4,08:58:01,CJ_TL,1,2,4,5,4,0
14.5,08:58:01,CJ_TL,1,2,4,5,4,0
14.6,08:58:01,CJ_TL,1,2,4,4,4,0
14.7,08:58:01,CJ_TL,1,2,4,4,4,0
14.8,08:58:01,CJ_TL,1,2,4,5,4,0
14.9,08:58:01,CJ_TL,1,2,4,5,4,0
15.0,08:58:01,CJ_TL,1,2,4,5,4,0
15.1,08:58:01,CJ_TL,1,2,4,5,4,0
15.2,08:58:01,CJ_TL,1,2,4,5,4,0
15.3,08:58:01,CJ_TL,1,2,4,5,4,0
15.4,08:58:01,CJ_TL,2,2,4,5,4,0
15.5,08:58:01,CJ_TL,2,2,4,5,4,0
15.6,08:58:01,CJ_TL,2,2,4,5,4,0
15.7,08:58:01,CJ_TL,2,3,4,5,4,0
15.8,08:58:01,CJ_TL,2,3,4,5,4,0
15.9,08:58:01,CJ_TL,2,3,4,5,4,0
16.0,08:58:01,CJ_TL,2,3,4,5,4,0
16.1,08:58:01,CJ_TL,2,3,4,5,4,0
16.2,08:58:01,CJ_TL,2,3,4,5,5,0
16.3,08:58:01,CJ_TL,2,2,4,5,5,0
16.4,08:58:01,CJ_TL,2,2,4,5,5,0
16.5,08:58:01,CJ_TL,3,2,4,5,5,0
16.6,08:58:01,CJ_TL,3,2,4,5,5,0
16.7,08:58:01,CJ_TL,3,2,5,5,5,0
16.8,08:58:01,CJ_TL,3,2,5,5,5,0
16.9,08:58:01,CJ_TL,3,2,4,5,5,0
17.0,08:58:01,CJ_TL,3,2,4,5,5,0
17.1,08:58:01,CJ_TL,3,2,4,5,5,0
17.2,08:58:01,CJ_TL,3,2,4,5,5,0
17.3,08:58:01,CJ_TL,3,2,4,5,5,0
17.4,08:58:01,CJ_TL,3,2,4,5,5,0
17.5,08:58:01,CJ_TL,3,2,4,5,5,0
17.6,08:58:01,CJ_TL,0,2,4,5,5,0
17.7,08:58:01,CJ_TL,0,2,4,5,5,0
17.8,08:58:01,CJ_TL,0,2,4,5,5,0
17.9,08:58:01,CJ_TL,0,2,4,5,5,0
18.0,08:58:01,CJ_TL,0,2,4,5,5,0
18.1,08:58:01,CJ_TL,0,2,4,5,5,0
18.2,08:58:01,CJ_TL,0,2,4,5,5,0
18.3,08:58:01,CJ_TL,0,2,4,4,4,0
18.4,08:58:01,CJ_TL,0,2,4,4,4,0
18.5,08:58:02,CJ_TL,0,2,4,4,4,0
18.6,08:58:02,CJ_TL,0,2,4,4,4,0
18.7,08:58:02,CJ_TL,1,2,4,4,4,0
18.8,08:58:02,CJ_TL,1,2,4,4,5,0
18.9,08:58:02,CJ_TL,1,2,4,4,5,0
19.0,08:58:02,CJ_TL,1,2,4,4,5,0
19.1,08:58:02,CJ_TL,1,2,4,4,5,0
19.2,08:58:02,CJ_TL,1,2,4,4,5,0
19.3,08:58:02,CJ_TL,1,2,4,4,5,0
19.4,08:58:02,CJ_TL,1,2,4,4,5,0
19.5,08:58:02,CJ_TL,1,2,4,4,5,0
19.6,08:58:02,CJ_TL,1,2,4,4,5,0
19.7,08:58:02,CJ_TL,1,2,4,4,5,0
19.8,08:58:02,CJ_TL,2,2,4,4,5,0
19.9,08:58:02,CJ_TL,2,2,4,4,5,0
20.0,08:58:02,CJ_TL,2,2,4,4,5,0
20.1,08:58:02,CJ_TL,2,2,4,4,5,0
20.2,08:58:02,CJ_TL,2,2,4,4,5,1
20.3,08:58:02,CJ_TL,2,2,4,4,5,0
20.4,08:58:02,CJ_TL,2,2,5,4,5,0
20.5,08:58:02,CJ_TL,2,2,5,4,5,0
20.6,08:58:02,CJ_TL,2,2,4,4,5,0
20.7,08:58:02,CJ_TL,2,2,4,4,5,0
20.8,08:58:02,CJ_TL,2,2,4,4,5,0
20.9,08:58:02,CJ_TL,3,2,4,4,5,0
21.0,08:58:02,CJ_TL,3,2,4,5,5,0
21.1,08:58:02,CJ_TL,3,2,4,5,5,0
21.2,08:58:02,CJ_TL,3,2,4,5,5,0
21.3,08:58:02,CJ_TL,3,2,4,5,5,0
21.4,08:58:02,CJ_TL,3,2,4,5,5,0
21.5,08:58:02,CJ_TL,3,2,4,5,6,0
21.6,08:58:02,CJ_TL,3,2,4,5,6,0
21.7,08:58:02,CJ_TL,3,2,4,5,6,0
21.8,08:58:02,CJ_TL,3,2,4,5,6,0
21.9,08:58:02,CJ_TL,3,2,4,5,6,0
22.0,08:58:02,CJ_TL,0,2,4,5,6,0
22.1,08:58:02,CJ_TL,0,2,4,5,6,0
22.2,08:58:02,CJ_TL,0,2,4,5,6,0
22.3,08:58:02,CJ_TL,0,2,4,5,6,0
22.4,08:58:02,CJ_TL,0,2,4,5,6,0
22.5,08:58:02,CJ_TL,0,2,4,5,6,0
22.6,08:58:02,CJ_TL,0,2,4,5,6,0
22.7,08:58:02,CJ_TL,0,2,4,4,6,0
22.8,08:58:02,CJ_TL,0,2,4,4,6,1
22.9,08:58:02,CJ_TL,0,2,4,4,6,0
23.0,08:58:02,CJ_TL,0,2,5,4,6,1
23.1,08:58:02,CJ_TL,1,2,5,4,6,0
23.2,08:58:02,CJ_TL,1,2,5,4,6,0
23.3,08:58:02,CJ_TL,1,3,5,4,6,0
23.4,08:58:02,CJ_TL,1,3,5,4,6,0
23.5,08:58:02,CJ_TL,1,3,5,4,6,0
23.6,08:58:02,CJ_TL,1,3,5,4,6,0
23.7,08:58:02,CJ_TL,1,3,5,5,6,0
23.8,08:58:02,CJ_TL,1,3,5,5,5,0
23.9,08:58:02,CJ_TL,1,3,5,5,5,0
24.0,08:58:02,CJ_TL,1,3,5,5,5,0
24.1,08:58:02,CJ_TL,1,3,5,5,6,0
24.2,08:58:02,CJ_TL,2,3,5,5,6,0
24.3,08:58:02,CJ_TL,2,3,5,5,6,0
24.4,08:58:02,CJ_TL,2,3,5,5,6,0
24.5,08:58:02,CJ_TL,2,3,5,5,6,0
24.6,08:58:02,CJ_TL,2,3,5,5,6,0
24.7,08:58:02,CJ_TL,2,3,5,5,6,0
24.8,08:58:02,CJ_TL,2,3,5,5,6,0
24.9,08:58:02,CJ_TL,2,2,5,5,6,1
25.0,08:58:02,CJ_TL,2,2,5,5,6,0
25.1,08:58:02,CJ_TL,2,2,4,5,6,0
25.2,08:58:02,CJ_TL,2,2,4,5,6,0
25.3,08:58:02,CJ_TL,3,2,4,5,6,0
25.4,08:58:02,CJ_TL,3,2,4,5,6,0
25.5,08:58:02,CJ_TL,3,2,4,5,6,0
25.6,08:58:02,CJ_TL,3,2,5,5,6,0
25.7,08:58:02,CJ_TL,3,2,5,5,6,0
25.8,08:58:02,CJ_TL,3,2,5,5,6,0
25.9,08:58:02,CJ_TL,3,3,5,5,6,0
26.0,08:58:02,CJ_TL,3,3,5,5,6,0
26.1,08:58:02,CJ_TL,3,3,5,5,6,0
26.2,08:58:02,CJ_TL,3,3,5,5,6,0
26.3,08:58:02,CJ_TL,3,3,5,6,6,0
26.4,08:58:03,CJ_TL,0,3,5,6,6,0
26.5,08:58:03,CJ_TL,0,3,5,6,6,0
26.6,08:58:03,CJ_TL,0,3,5,6,6,0
26.7,08:58:03,CJ_TL,0,3,5,6,6,0
26.8,08:58:03,CJ_TL,0,3,5,6,6,0
26.9,08:58:03,CJ_TL,0,3,5,6,6,0
27.0,08:58:03,CJ_TL,0,3,5,6,6,0
27.1,08:58:03,CJ_TL,0,3,5,6,6,0
27.2,08:58:03,CJ_TL,0,3,5,6,6,0
27.3,08:58:03,CJ_TL,0,3,5,6,7,0
27.4,08:58:03,CJ_TL,0,3,5,6,7,0
27.5,08:58:03,CJ_TL,1,3,5,6,7,0
27.6,08:58:03,CJ_TL,1,3,5,6,7,0
27.7,08:58:03,CJ_TL,1,3,5,6,7,0
27.8,08:58:03,CJ_TL,1,3,5,6,7,0
27.9,08:58:03,CJ_TL,1,3,5,6,7,0
28.0,08:58:03,CJ_TL,1,3,5,6,7,1
28.1,08:58:03,CJ_TL,1,3,5,6,7,0
28.2,08:58:03,CJ_TL,1,3,5,6,7,0
28.3,08:58:03,CJ_TL,1,3,5,6,7,0
28.4,08:58:03,CJ_TL,1,3,5,6,7,0
28.5,08:58:03,CJ_TL,1,3,5,6,7,0
28.6,08:58:03,CJ_TL,2,3,5,6,7,0
28.7,08:58:03,CJ_TL,2,3,5,6,7,0
28.8,08:58:03,CJ_TL,2,4,5,6,7,0
28.9,08:58:03,CJ_TL,2,4,5,6,7,0
29.0,08:58:03,CJ_TL,2,4,5,6,7,0
29.1,08:58:03,CJ_TL,2,4,5,6,7,0
29.2,08:58:03,CJ_TL,2,4,5,6,7,0
29.3,08:58:03,CJ_TL,2,4,5,6,7,0
29.4,08:58:03,CJ_TL,2,4,5,6,7,0
29.5,08:58:03,CJ_TL,2,4,5,6,7,0
29.6,08:58:03,CJ_TL,2,4,5,6,7,0
29.7,08:58:03,CJ_TL,3,4,5,6,7,1
29.8,08:58:03,CJ_TL,3,4,5,6,7,0
29.9,08:58:03,CJ_TL,3,4,5,6,7,0
30.0,08:58:03,CJ_TL,3,4,5,6,7,0
30.1,08:58:03,CJ_TL,3,4,5,6,7,0
30.2,08:58:03,CJ_TL,3,4,5,6,7,0
30.3,08:58:03,CJ_TL,3,4,5,6,7,0
30.4,08:58:03,CJ_TL,3,4,5,6,7,0
30.5,08:58:03,CJ_TL,3,4,5,6,7,0
30.6,08:58:03,CJ_TL,3,4,5,6,7,0
30.7,08:58:03,CJ_TL,3,4,5,6,7,0
30.8,08:58:03,CJ_TL,0,4,5,6,7,0
30.9,08:58:03,CJ_TL,0,4,5,6,7,0
31.0,08:58:03,CJ_TL,0,4,5,6,7,0
31.1,08:58:03,CJ_TL,0,4,5,5,7,0
31.2,08:58:03,CJ_TL,0,4,5,5,7,0
31.3,08:58:03,CJ_TL,0,4,5,5,7,0
31.4,08:58:03,CJ_TL,0,4,5,5,7,0
31.5,08:58:03,CJ_TL,0,4,5,5,7,0
31.6,08:58:03,CJ_TL,0,4,5,5,7,0
31.7,08:58:03,CJ_TL,0,4,5,5,7,0
31.8,08:58:03,CJ_TL,0,4,5,5,7,0
31.9,08:58:03,CJ_TL,1,4,5,5,7,0
32.0,08:58:03,CJ_TL,1,4,5,5,7,0
32.1,08:58:03,CJ_TL,1,4,5,5,8,0
32.2,08:58:03,CJ_TL,1,4,5,5,8,0
32.3,08:58:03,CJ_TL,1,4,5,5,8,0
32.4,08:58:03,CJ_TL,1,4,5,5,8,0
32.5,08:58:03,CJ_TL,1,4,5,5,8,0
32.6,08:58:03,CJ_TL,1,4,5,5,8,0
32.7,08:58:03,CJ_TL,1,4,5,5,8,0
32.8,08:58:03,CJ_TL,1,4,6,5,8,0
32.9,08:58:03,CJ_TL,1,4,6,5,8,1
33.0,08:58:03,CJ_TL,2,4,6,5,8,0
33.1,08:58:03,CJ_TL,2,4,6,5,8,0
33.2,08:58:03,CJ_TL,2,4,6,5,8,0
33.3,08:58:03,CJ_TL,2,4,6,5,8,0
33.4,08:58:03,CJ_TL,2,4,6,5,8,0
33.5,08:58:03,CJ_TL,2,4,6,6,8,0
33.6,08:58:03,CJ_TL,2,4,6,6,8,0
33.7,08:58:03,CJ_TL,2,3,6,6,8,0
33.8,08:58:03,CJ_TL,2,3,6,6,8,1
33.9,08:58:03,CJ_TL,2,3,5,6,8,0
34.0,08:58:03,CJ_TL,2,3,5,6,8,0
34.1,08:58:03,CJ_TL,3,3,5,6,8,0
34.2,08:58:03,CJ_TL,3,3,5,6,8,0
34.3,08:58:03,CJ_TL,3,3,5,6,8,0
34.4,08:58:03,CJ_TL,3,3,5,6,8,0
34.5,08:58:04,CJ_TL,3,3,5,6,8,0
34.6,08:58:04,CJ_TL,3,3,5,6,8,0
34.7,08:58:04,CJ_TL,3,3,5,6,8,0
34.8,08:58:04,CJ_TL,3,3,5,6,8,0
34.9,08:58:04,CJ_TL,3,3,5,6,8,0
35.0,08:58:04,CJ_TL,3,3,5,6,8,0
35.1,08:58:04,CJ_TL,3,3,5,6,8,0
35.2,08:58:04,CJ_TL,0,3,5,6,8,0
35.3,08:58:04,CJ_TL,0,3,5,6,8,0
35.4,08:58:04,CJ_TL,0,3,5,6,8,0
35.5,08:58:04,CJ_TL,0,3,5,6,7,0
35.6,08:58:04,CJ_TL,0,3,5,6,7,0
35.7,08:58:04,CJ_TL,0,3,5,6,7,0
35.8,08:58:04,CJ_TL,0,3,5,6,7,0
35.9,08:58:04,CJ_TL,0,3,5,6,7,0
36.0,08:58:04,CJ_TL,0,3,5,6,7,0
36.1,08:58:04,CJ_TL,0,3,5,5,7,0
36.2,08:58:04,CJ_TL,0,3,5,5,7,0
36.3,08:58:04,CJ_TL,1,3,5,5,7,0
36.4,08:58:04,CJ_TL,1,3,5,5,7,0
36.5,08:58:04,CJ_TL,1,3,5,5,7,0
36.6,08:58:04,CJ_TL,1,3,5,5,7,0
36.7,08:58:04,CJ_TL,1,3,5,5,7,0
36.8,08:58:04,CJ_TL,1,3,5,5,7,0
36.9,08:58:04,CJ_TL,1,3,5,5,7,0
37.0,08:58:04,CJ_TL,1,3,5,6,8,0
37.1,08:58:04,CJ_TL,1,3,5,6,8,0
37.2,08:58:04,CJ_TL,1,3,5,6,8,0
37.3,08:58:04,CJ_TL,1,3,5,6,8,1
37.4,08:58:04,CJ_TL,2,3,5,6,8,0
37.5,08:58:04,CJ_TL,2,3,5,6,8,0
37.6,08:58:04,CJ_TL,2,3,5,6,8,0
37.7,08:58:04,CJ_TL,2,3,5,6,8,0
37.8,08:58:04,CJ_TL,2,3,5,6,8,0
37.9,08:58:04,CJ_TL,2,3,5,6,8,0
38.0,08:58:04,CJ_TL,2,2,5,6,8,0
38.1,08:58:04,CJ_TL,2,3,5,6,8,0
38.2,08:58:04,CJ_TL,2,3,5,6,8,0
38.3,08:58:04,CJ_TL,2,3,4,6,8,0
38.4,08:58:04,CJ_TL,2,3,4,6,8,0
38.5,08:58:04,CJ_TL,3,3,4,6,8,0
38.6,08:58:04,CJ_TL,3,3,4,6,8,0
38.7,08:58:04,CJ_TL,3,3,4,6,8,0
38.8,08:58:04,CJ_TL,3,3,4,6,8,0
38.9,08:58:04,CJ_TL,3,3,4,6,8,0
39.0,08:58:04,CJ_TL,3,3,4,6,8,0
39.1,08:58:04,CJ_TL,3,3,4,6,8,0
39.2,08:58:04,CJ_TL,3,3,4,6,8,0
39.3,08:58:04,CJ_TL,3,3,4,6,8,0
39.4,08:58:04,CJ_TL,3,3,4,6,8,0
39.5,08:58:04,CJ_TL,3,3,4,6,8,0
39.6,08:58:04,CJ_TL,0,3,4,6,9,0
39.7,08:58:04,CJ_TL,0,3,4,6,9,0
39.8,08:58:04,CJ_TL,0,3,4,6,9,0
39.9,08:58:04,CJ_TL,0,3,4,6,9,0
40.0,08:58:04,CJ_TL,0,3,4,6,9,0
40.1,08:58:04,CJ_TL,0,3,5,6,9,0
40.2,08:58:04,CJ_TL,0,3,5,6,9,0
40.3,08:58:04,CJ_TL,0,3,5,6,9,0
40.4,08:58:04,CJ_TL,0,3,5,6,9,0
40.5,08:58:04,CJ_TL,0,3,5,6,9,0
40.6,08:58:04,CJ_TL,0,3,5,5,9,0
40.7,08:58:04,CJ_TL,1,3,5,5,9,0
40.8,08:58:04,CJ_TL,1,3,5,5,9,0
40.9,08:58:04,CJ_TL,1,3,5,5,9,1
41.0,08:58:04,CJ_TL,1,3,5,5,9,0
41.1,08:58:04,CJ_TL,1,3,5,5,9,0
41.2,08:58:04,CJ_TL,1,3,5,5,9,0
41.3,08:58:04,CJ_TL,1,3,5,5,9,0
41.4,08:58:04,CJ_TL,1,3,5,5,9,0
41.5,08:58:04,CJ_TL,1,3,5,6,9,0
41.6,08:58:04,CJ_TL,1,3,5,6,9,0
41.7,08:58:04,CJ_TL,1,3,5,6,9,0
41.8,08:58:04,CJ_TL,2,3,5,6,9,0
41.9,08:58:04,CJ_TL,2,3,5,6,9,0
42.0,08:58:04,CJ_TL,2,3,5,6,9,0
42.1,08:58:04,CJ_TL,2,3,5,6,9,0
42.2,08:58:05,CJ_TL,2,3,5,6,10,0
42.3,08:58:05,CJ_TL,2,3,5,6,10,1
42.4,08:58:05,CJ_TL,2,3,5,6,10,0
42.5,08:58:05,CJ_TL,2,3,5,6,10,0
42.6,08:58:05,CJ_TL,2,3,5,6,10,1
42.7,08:58:05,CJ_TL,2,2,4,6,10,0
42.8,08:58:05,CJ_TL,2,2,4,6,10,0
42.9,08:58:05,CJ_TL,3,2,4,6,10,0
43.0,08:58:05,CJ_TL,3,2,4,6,10,0
43.1,08:58:05,CJ_TL,3,2,4,6,10,0
43.2,08:58:05,CJ_TL,3,2,4,6,10,0
43.3,08:58:05,CJ_TL,3,2,4,6,10,0
43.4,08:58:05,CJ_TL,3,2,4,6,10,0
43.5,08:58:05,CJ_TL,3,2,4,6,10,0
43.6,08:58:05,CJ_TL,3,2,4,6,10,0
43.7,08:58:05,CJ_TL,3,2,4,6,10,0
43.8,08:58:05,CJ_TL,3,2,4,6,10,0
43.9,08:58:05,CJ_TL,3,2,4,6,10,0
44.0,08:58:05,CJ_TL,0,2,4,6,10,0
44.1,08:58:05,CJ_TL,0,2,4,6,10,0
44.2,08:58:05,CJ_TL,0,2,4,6,10,0
44.3,08:58:05,CJ_TL,0,2,4,6,10,0
44.4,08:58:05,CJ_TL,0,2,4,6,10,0
44.5,08:58:05,CJ_TL,0,2,4,6,10,0
44.6,08:58:05,CJ_TL,0,2,4,5,10,0
44.7,08:58:06,CJ_TL,0,2,4,5,10,0
44.8,08:58:06,CJ_TL,0,2,4,5,11,1
44.9,08:58:06,CJ_TL,0,2,4,5,11,0
45.0,08:58:06,CJ_TL,0,2,4,5,11,0
45.1,08:58:06,CJ_TL,1,2,4,5,11,0
45.2,08:58:06,CJ_TL,1,2,4,6,11,0
45.3,08:58:06,CJ_TL,1,2,4,6,11,0
45.4,08:58:06,CJ_TL,1,2,4,6,11,0
45.5,08:58:06,CJ_TL,1,2,4,6,11,0
45.6,08:58:06,CJ_TL,1,2,4,6,11,0
45.7,08:58:06,CJ_TL,1,3,4,6,11,1
45.8,08:58:06,CJ_TL,1,3,4,6,11,0
45.9,08:58:06,CJ_TL,1,3,4,6,11,0
46.0,08:58:06,CJ_TL,1,3,4,6,11,0
46.1,08:58:06,CJ_TL,1,3,4,6,11,0
46.2,08:58:06,CJ_TL,2,3,4,6,11,0
46.3,08:58:06,CJ_TL,2,3,4,6,11,0
46.4,08:58:06,CJ_TL,2,3,4,6,11,0
46.5,08:58:06,CJ_TL,2,3,5,6,11,1
46.6,08:58:06,CJ_TL,2,3,5,6,11,0
46.7,08:58:06,CJ_TL,2,3,5,6,11,0
46.8,08:58:06,CJ_TL,2,3,5,6,11,0
46.9,08:58:06,CJ_TL,2,3,5,6,11,0
47.0,08:58:06,CJ_TL,2,3,5,6,11,0
47.1,08:58:06,CJ_TL,2,3,5,6,11,0
47.2,08:58:06,CJ_TL,2,3,4,6,11,0
47.3,08:58:06,CJ_TL,3,3,4,6,11,0
47.4,08:58:06,CJ_TL,3,3,4,6,12,0
47.5,08:58:06,CJ_TL,3,2,4,6,12,0
47.6,08:58:06,CJ_TL,3,2,4,6,12,0
47.7,08:58:06,CJ_TL,3,2,4,6,12,0
47.8,08:58:06,CJ_TL,3,2,4,6,12,0
47.9,08:58:06,CJ_TL,3,2,4,7,12,0
48.0,08:58:06,CJ_TL,3,2,4,7,12,0
48.1,08:58:06,CJ_TL,3,2,4,7,12,0
48.2,08:58:06,CJ_TL,3,2,4,7,12,0
48.3,08:58:06,CJ_TL,3,3,4,7,12,0
48.4,08:58:06,CJ_TL,0,3,4,7,12,0
48.5,08:58:06,CJ_TL,0,3,4,7,12,0
48.6,08:58:06,CJ_TL,0,3,4,7,12,0
48.7,08:58:06,CJ_TL,0,3,4,7,12,0
48.8,08:58:06,CJ_TL,0,3,4,7,12,0
48.9,08:58:06,CJ_TL,0,3,4,7,12,0
49.0,08:58:06,CJ_TL,0,3,4,7,12,0
49.1,08:58:06,CJ_TL,0,3,5,7,12,0
49.2,08:58:06,CJ_TL,0,3,5,7,12,0
49.3,08:58:06,CJ_TL,0,3,5,7,12,0
49.4,08:58:06,CJ_TL,0,3,5,6,12,1
49.5,08:58:06,CJ_TL,1,3,5,6,12,0
49.6,08:58:06,CJ_TL,1,3,5,6,12,1
49.7,08:58:06,CJ_TL,1,3,5,6,12,0
49.8,08:58:06,CJ_TL,1,3,5,6,12,0
49.9,08:58:06,CJ_TL,1,3,5,6,12,0
50.0,08:58:06,CJ_TL,1,3,5,6,12,0
50.1,08:58:06,CJ_TL,1,3,5,6,13,0
50.2,08:58:06,CJ_TL,1,3,5,6,13,0
50.3,08:58:06,CJ_TL,1,3,5,6,13,0
50.4,08:58:06,CJ_TL,1,3,5,6,13,0
50.5,08:58:06,CJ_TL,1,3,5,7,13,0
50.6,08:58:07,CJ_TL,2,3,5,7,13,0
50.7,08:58:07,CJ_TL,2,3,5,7,13,0
50.8,08:58:07,CJ_TL,2,3,5,7,13,0
50.9,08:58:07,CJ_TL,2,3,5,7,13,0
51.0,08:58:07,CJ_TL,2,3,5,7,13,0
51.1,08:58:07,CJ_TL,2,4,5,7,13,0
51.2,08:58:07,CJ_TL,2,4,4,7,13,0
51.3,08:58:07,CJ_TL,2,4,4,7,13,0
51.4,08:58:07,CJ_TL,2,4,4,7,13,0
51.5,08:58:07,CJ_TL,2,4,4,7,13,0
51.6,08:58:07,CJ_TL,2,4,4,7,13,0
51.7,08:58:07,CJ_TL,3,4,5,7,13,0
51.8,08:58:07,CJ_TL,3,4,5,7,13,0
51.9,08:58:07,CJ_TL,3,4,5,7,13,0
52.0,08:58:07,CJ_TL,3,4,5,7,13,0
52.1,08:58:07,CJ_TL,3,4,5,7,13,0
52.2,08:58:07,CJ_TL,3,4,5,7,13,0
52.3,08:58:07,CJ_TL,3,4,5,7,13,0
52.4,08:58:07,CJ_TL,3,4,5,7,13,0
52.5,08:58:07,CJ_TL,3,4,5,7,13,0
52.6,08:58:07,CJ_TL,3,4,5,7,13,0
52.7,08:58:07,CJ_TL,3,4,5,7,14,0
52.8,08:58:07,CJ_TL,0,4,5,7,14,0
52.9,08:58:07,CJ_TL,0,4,5,7,14,0
53.0,08:58:07,CJ_TL,0,4,5,7,14,0
53.1,08:58:07,CJ_TL,0,4,5,7,14,2
53.2,08:58:07,CJ_TL,0,4,5,8,14,0
53.3,08:58:07,CJ_TL,0,4,5,8,14,0
53.4,08:58:07,CJ_TL,0,4,5,8,14,0
53.5,08:58:07,CJ_TL,0,4,5,8,14,0
53.6,08:58:07,CJ_TL,0,4,5,8,14,0
53.7,08:58:07,CJ_TL,0,4,5,8,14,0
53.8,08:58:07,CJ_TL,0,4,5,8,14,0
53.9,08:58:07,CJ_TL,1,4,5,8,14,0
54.0,08:58:07,CJ_TL,1,4,5,8,14,0
54.1,08:58:07,CJ_TL,1,4,5,8,14,0
54.2,08:58:07,CJ_TL,1,4,5,8,14,0
54.3,08:58:07,CJ_TL,1,4,6,8,14,0
54.4,08:58:07,CJ_TL,1,4,6,8,14,0
54.5,08:58:07,CJ_TL,1,4,6,8,14,1
54.6,08:58:07,CJ_TL,1,4,6,8,14,0
54.7,08:58:07,CJ_TL,1,4,6,8,14,0
54.8,08:58:07,CJ_TL,1,4,6,8,14,0
54.9,08:58:07,CJ_TL,1,4,6,8,14,0
55.0,08:58:07,CJ_TL,2,4,6,8,14,0
55.1,08:58:07,CJ_TL,2,4,6,8,14,0
55.2,08:58:07,CJ_TL,2,4,6,8,14,0
55.3,08:58:07,CJ_TL,2,4,6,8,14,0
55.4,08:58:07,CJ_TL,2,4,6,8,14,0
55.5,08:58:07,CJ_TL,2,4,6,8,14,0
55.6,08:58:07,CJ_TL,2,4,6,8,14,0
55.7,08:58:07,CJ_TL,2,4,6,8,14,0
55.8,08:58:07,CJ_TL,2,4,6,8,14,0
55.9,08:58:07,CJ_TL,2,4,6,9,14,0
56.0,08:58:07,CJ_TL,2,4,6,9,14,0
56.1,08:58:07,CJ_TL,3,4,6,9,14,0
56.2,08:58:07,CJ_TL,3,4,6,9,14,0
56.3,08:58:07,CJ_TL,3,4,6,9,14,0
56.4,08:58:07,CJ_TL,3,4,6,9,14,0
56.5,08:58:07,CJ_TL,3,4,6,9,14,0
56.6,08:58:07,CJ_TL,3,4,6,9,14,0
56.7,08:58:07,CJ_TL,3,4,6,9,14,0
56.8,08:58:07,CJ_TL,3,4,6,9,14,0
56.9,08:58:07,CJ_TL,3,4,7,9,14,0
57.0,08:58:07,CJ_TL,3,4,7,9,14,0
57.1,08:58:07,CJ_TL,3,4,7,9,14,0
57.2,08:58:07,CJ_TL,0,4,7,9,14,0
57.3,08:58:07,CJ_TL,0,4,7,9,14,0
57.4,08:58:07,CJ_TL,0,4,7,9,14,0
57.5,08:58:07,CJ_TL,0,4,7,9,14,1
57.6,08:58:07,CJ_TL,0,4,7,9,14,0
57.7,08:58:07,CJ_TL,0,4,7,9,14,0
57.8,08:58:07,CJ_TL,0,4,7,9,14,0
57.9,08:58:07,CJ_TL,0,4,7,9,14,0
58.0,08:58:07,CJ_TL,0,4,7,9,14,0
58.1,08:58:07,CJ_TL,0,4,7,8,14,0
58.2,08:58:07,CJ_TL,0,4,7,8,13,0
58.3,08:58:07,CJ_TL,1,4,7,8,13,0
58.4,08:58:07,CJ_TL,1,4,7,8,13,0
58.5,08:58:07,CJ_TL,1,4,7,8,13,0
58.6,08:58:07,CJ_TL,1,4,7,8,13,0
58.7,08:58:08,CJ_TL,1,4,7,8,13,0
58.8,08:58:08,CJ_TL,1,4,7,8,13,1
58.9,08:58:08,CJ_TL,1,4,7,8,14,0
59.0,08:58:08,CJ_TL,1,4,7,8,14,0
59.1,08:58:08,CJ_TL,1,4,7,8,14,0
59.2,08:58:08,CJ_TL,1,4,7,8,14,1
59.3,08:58:08,CJ_TL,1,4,7,8,14,0
59.4,08:58:08,CJ_TL,2,4,7,8,14,0
59.5,08:58:08,CJ_TL,2,4,7,8,14,0
59.6,08:58:08,CJ_TL,2,4,8,8,14,0
59.7,08:58:08,CJ_TL,2,4,8,8,14,0
59.8,08:58:08,CJ_TL,2,4,8,8,14,0
59.9,08:58:08,CJ_TL,2,4,8,8,14,0
60.0,08:58:08,CJ_TL,2,4,8,8,14,0
60.1,08:58:08,CJ_TL,2,4,8,8,14,0
60.2,08:58:08,CJ_TL,2,4,8,8,14,0
60.3,08:58:08,CJ_TL,2,3,8,8,14,0
60.4,08:58:08,CJ_TL,2,3,7,8,14,0
60.5,08:58:08,CJ_TL,3,3,7,8,14,0
60.6,08:58:08,CJ_TL,3,3,7,9,14,0
60.7,08:58:08,CJ_TL,3,3,7,9,14,1
60.8,08:58:08,CJ_TL,3,3,7,9,14,0
60.9,08:58:08,CJ_TL,3,3,7,9,14,0
61.0,08:58:08,CJ_TL,3,3,7,9,14,0
61.1,08:58:08,CJ_TL,3,3,7,9,14,0
61.2,08:58:08,CJ_TL,3,3,7,9,14,0
61.3,08:58:08,CJ_TL,3,3,7,9,14,0
61.4,08:58:08,CJ_TL,3,3,7,9,14,0
61.5,08:58:08,CJ_TL,3,3,7,9,14,0
61.6,08:58:08,CJ_TL,0,3,7,9,14,0
61.7,08:58:08,CJ_TL,0,3,7,9,14,0
61.8,08:58:08,CJ_TL,0,3,7,9,14,0
61.9,08:58:08,CJ_TL,0,4,7,9,14,0
62.0,08:58:08,CJ_TL,0,4,7,9,14,0
62.1,08:58:08,CJ_TL,0,4,7,9,14,0
62.2,08:58:08,CJ_TL,0,4,7,9,14,0
62.3,08:58:08,CJ_TL,0,4,8,9,14,0
62.4,08:58:08,CJ_TL,0,4,8,9,13,0
62.5,08:58:08,CJ_TL,0,4,8,9,13,0
62.6,08:58:08,CJ_TL,0,4,8,9,13,0
62.7,08:58:08,CJ_TL,1,4,8,9,13,0
62.8,08:58:08,CJ_TL,1,4,8,9,13,0
62.9,08:58:08,CJ_TL,1,4,8,9,13,0
63.0,08:58:08,CJ_TL,1,4,8,9,14,0
63.1,08:58:08,CJ_TL,1,4,8,9,14,0
63.2,08:58:08,CJ_TL,1,4,8,9,14,0
63.3,08:58:08,CJ_TL,1,4,8,10,14,0
63.4,08:58:08,CJ_TL,1,4,8,10,14,0
63.5,08:58:08,CJ_TL,1,4,8,10,14,0
63.6,08:58:08,CJ_TL,1,4,8,10,14,0
63.7,08:58:08,CJ_TL,1,4,8,10,14,0
63.8,08:58:08,CJ_TL,2,4,8,10,14,0
63.9,08:58:08,CJ_TL,2,4,8,10,14,0
64.0,08:58:08,CJ_TL,2,4,8,10,14,0
64.1,08:58:08,CJ_TL,2,4,8,10,14,0
64.2,08:58:08,CJ_TL,2,4,8,10,14,0
64.3,08:58:08,CJ_TL,2,4,8,10,14,0
64.4,08:58:08,CJ_TL,2,4,8,10,14,0
64.5,08:58:08,CJ_TL,2,4,8,10,14,0
64.6,08:58:08,CJ_TL,2,4,8,10,14,0
64.7,08:58:08,CJ_TL,2,3,8,10,14,0
64.8,08:58:08,CJ_TL,2,3,8,10,14,0
64.9,08:58:08,CJ_TL,3,3,8,10,14,0
65.0,08:58:08,CJ_TL,3,3,9,10,14,0
65.1,08:58:08,CJ_TL,3,3,9,10,14,0
65.2,08:58:08,CJ_TL,3,3,9,10,14,0
65.3,08:58:08,CJ_TL,3,3,9,10,14,0
65.4,08:58:08,CJ_TL,3,3,9,10,14,0
65.5,08:58:08,CJ_TL,3,3,9,10,14,0
65.6,08:58:08,CJ_TL,3,3,9,10,14,0
65.7,08:58:08,CJ_TL,3,3,9,10,15,0
65.8,08:58:08,CJ_TL,3,3,9,10,15,0
65.9,08:58:08,CJ_TL,3,3,9,11,15,0
66.0,08:58:08,CJ_TL,0,3,9,11,15,0
66.1,08:58:08,CJ_TL,0,3,9,11,15,0
66.2,08:58:08,CJ_TL,0,3,9,11,15,0
66.3,08:58:08,CJ_TL,0,3,9,11,15,0
66.4,08:58:08,CJ_TL,0,3,9,11,15,0
66.5,08:58:08,CJ_TL,0,3,9,11,15,1
66.6,08:58:08,CJ_TL,0,3,9,11,15,0
66.7,08:58:08,CJ_TL,0,3,9,11,15,0
66.8,08:58:08,CJ_TL,0,3,9,11,15,0
66.9,08:58:08,CJ_TL,0,3,9,11,15,0
67.0,08:58:08,CJ_TL,0,3,9,11,14,0
67.1,08:58:08,CJ_TL,1,3,9,11,14,0
67.2,08:58:08,CJ_TL,1,3,9,11,14,0
67.3,08:58:08,CJ_TL,1,3,9,11,14,0
67.4,08:58:08,CJ_TL,1,3,9,11,14,1
67.5,08:58:08,CJ_TL,1,3,9,11,14,0
67.6,08:58:08,CJ_TL,1,3,10,11,14,0
67.7,08:58:08,CJ_TL,1,3,10,11,14,0
67.8,08:58:09,CJ_TL,1,3,10,11,14,0
67.9,08:58:09,CJ_TL,1,3,10,11,14,0
68.0,08:58:09,CJ_TL,1,3,10,11,14,0
68.1,08:58:09,CJ_TL,1,3,10,11,14,0
68.2,08:58:09,CJ_TL,2,3,10,11,14,0
68.3,08:58:09,CJ_TL,2,3,10,11,15,0
68.4,08:58:09,CJ_TL,2,3,10,11,15,0
68.5,08:58:09,CJ_TL,2,3,10,12,15,0
68.6,08:58:09,CJ_TL,2,3,10,12,15,0
68.7,08:58:09,CJ_TL,2,3,10,12,15,0
68.8,08:58:09,CJ_TL,2,3,10,12,15,0
68.9,08:58:09,CJ_TL,2,3,10,12,15,0
69.0,08:58:09,CJ_TL,2,3,10,12,15,0
69.1,08:58:09,CJ_TL,2,3,10,12,15,0
69.2,08:58:09,CJ_TL,2,2,9,12,15,0
69.3,08:58:09,CJ_TL,3,2,9,12,15,0
69.4,08:58:09,CJ_TL,3,2,9,12,15,0
69.5,08:58:09,CJ_TL,3,2,9,12,15,0
69.6,08:58:09,CJ_TL,3,2,9,12,15,0
69.7,08:58:09,CJ_TL,3,2,9,12,15,0
69.8,08:58:09,CJ_TL,3,2,9,12,15,0
69.9,08:58:09,CJ_TL,3,2,9,12,15,0
70.0,08:58:09,CJ_TL,3,2,9,12,15,0
70.1,08:58:09,CJ_TL,3,2,9,12,15,0
70.2,08:58:09,CJ_TL,3,2,10,12,15,0
70.3,08:58:09,CJ_TL,3,2,10,12,15,0
70.4,08:58:09,CJ_TL,0,3,10,12,15,0
70.5,08:58:09,CJ_TL,0,3,10,12,15,0
70.6,08:58:09,CJ_TL,0,3,10,12,15,0
70.7,08:58:09,CJ_TL,0,3,10,12,15,0
70.8,08:58:09,CJ_TL,0,3,10,12,15,0
70.9,08:58:09,CJ_TL,0,3,10,12,15,1
71.0,08:58:09,CJ_TL,0,3,10,12,15,0
71.1,08:58:09,CJ_TL,0,3,10,13,15,0
71.2,08:58:09,CJ_TL,0,3,10,13,15,0
71.3,08:58:09,CJ_TL,0,3,10,13,15,0
71.4,08:58:09,CJ_TL,0,3,10,13,15,0
71.5,08:58:09,CJ_TL,1,3,10,13,15,0
71.6,08:58:09,CJ_TL,1,3,10,13,15,0
71.7,08:58:09,CJ_TL,1,3,10,13,15,0
71.8,08:58:09,CJ_TL,1,3,10,13,15,0
71.9,08:58:09,CJ_TL,1,3,10,13,15,0
72.0,08:58:09,CJ_TL,1,3,10,13,15,0
72.1,08:58:09,CJ_TL,1,3,10,13,15,0
72.2,08:58:09,CJ_TL,1,3,10,13,15,0
72.3,08:58:09,CJ_TL,1,3,10,13,15,1
72.4,08:58:09,CJ_TL,1,3,10,13,15,0
72.5,08:58:09,CJ_TL,1,3,10,13,15,1
72.6,08:58:09,CJ_TL,2,3,10,13,15,0
72.7,08:58:09,CJ_TL,2,3,10,13,15,0
72.8,08:58:09,CJ_TL,2,3,10,13,15,0
72.9,08:58:09,CJ_TL,2,3,10,13,15,0
73.0,08:58:09,CJ_TL,2,3,11,13,15,0
73.1,08:58:09,CJ_TL,2,4,11,13,15,0
73.2,08:58:09,CJ_TL,2,4,11,13,15,0
73.3,08:58:09,CJ_TL,2,4,11,13,15,0
73.4,08:58:09,CJ_TL,2,4,11,13,15,0
73.5,08:58:09,CJ_TL,2,3,11,13,16,0
73.6,08:58:09,CJ_TL,2,3,11,13,16,0
73.7,08:58:09,CJ_TL,3,3,11,14,16,1
73.8,08:58:09,CJ_TL,3,3,11,14,16,0
73.9,08:58:09,CJ_TL,3,3,10,14,16,0
74.0,08:58:09,CJ_TL,3,3,10,14,16,0
74.1,08:58:09,CJ_TL,3,3,10,14,16,0
74.2,08:58:09,CJ_TL,3,3,10,14,16,0
74.3,08:58:09,CJ_TL,3,3,10,14,16,0
74.4,08:58:09,CJ_TL,3,3,10,14,16,0
74.5,08:58:09,CJ_TL,3,3,10,14,16,0
74.6,08:58:09,CJ_TL,3,3,10,14,16,0
74.7,08:58:09,CJ_TL,3,3,10,14,16,0
74.8,08:58:09,CJ_TL,0,3,10,14,16,0
74.9,08:58:09,CJ_TL,0,3,10,14,16,1
75.0,08:58:09,CJ_TL,0,3,10,14,16,0
75.1,08:58:09,CJ_TL,0,3,10,13,16,0
75.2,08:58:09,CJ_TL,0,3,10,13,16,0
75.3,08:58:09,CJ_TL,0,3,10,13,16,0
75.4,08:58:09,CJ_TL,0,3,10,13,16,0
75.5,08:58:09,CJ_TL,0,3,10,13,16,1
75.6,08:58:09,CJ_TL,0,3,10,13,16,0
75.7,08:58:09,CJ_TL,0,4,10,13,16,0
75.8,08:58:09,CJ_TL,0,4,10,13,16,0
75.9,08:58:09,CJ_TL,1,4,10,13,16,0
76.0,08:58:09,CJ_TL,1,4,10,13,16,0
76.1,08:58:09,CJ_TL,1,4,10,13,16,0
76.2,08:58:10,CJ_TL,1,4,10,13,16,0
76.3,08:58:10,CJ_TL,1,4,10,13,16,1
76.4,08:58:10,CJ_TL,1,4,10,14,16,0
76.5,08:58:10,CJ_TL,1,4,10,14,16,0
76.6,08:58:10,CJ_TL,1,4,10,14,16,0
76.7,08:58:10,CJ_TL,1,4,11,14,16,0
76.8,08:58:10,CJ_TL,1,4,11,14,16,0
76.9,08:58:10,CJ_TL,1,4,11,14,16,0
77.0,08:58:10,CJ_TL,2,4,11,14,16,0
77.1,08:58:10,CJ_TL,2,4,11,14,16,0
77.2,08:58:10,CJ_TL,2,4,11,14,16,0
77.3,08:58:10,CJ_TL,2,4,11,14,16,0
77.4,08:58:10,CJ_TL,2,4,11,14,16,0
77.5,08:58:10,CJ_TL,2,4,11,14,16,0
77.6,08:58:10,CJ_TL,2,4,11,14,16,0
77.7,08:58:10,CJ_TL,2,4,11,14,16,0
77.8,08:58:10,CJ_TL,2,4,11,14,16,0
77.9,08:58:10,CJ_TL,2,3,11,14,16,0
78.0,08:58:10,CJ_TL,2,3,11,14,16,0
78.1,08:58:10,CJ_TL,3,3,11,14,16,0
78.2,08:58:10,CJ_TL,3,3,11,14,16,0
78.3,08:58:10,CJ_TL,3,3,11,14,16,0
78.4,08:58:10,CJ_TL,3,4,11,14,16,0
78.5,08:58:10,CJ_TL,3,4,11,14,16,0
78.6,08:58:10,CJ_TL,3,4,11,14,16,0
78.7,08:58:10,CJ_TL,3,4,11,14,16,0
78.8,08:58:10,CJ_TL,3,4,11,14,16,0
78.9,08:58:10,CJ_TL,3,4,11,14,16,0
79.0,08:58:10,CJ_TL,3,4,11,15,16,0
79.1,08:58:10,CJ_TL,3,4,11,15,16,0
79.2,08:58:10,CJ_TL,0,4,11,15,16,0
79.3,08:58:10,CJ_TL,0,4,11,15,16,0
79.4,08:58:10,CJ_TL,0,4,11,15,16,0
79.5,08:58:10,CJ_TL,0,4,11,15,15,0
79.6,08:58:10,CJ_TL,0,4,11,15,15,0
79.7,08:58:10,CJ_TL,0,4,11,15,15,0
79.8,08:58:10,CJ_TL,0,4,11,15,15,0
79.9,08:58:10,CJ_TL,0,4,11,15,15,0
80.0,08:58:10,CJ_TL,0,4,11,15,15,0
80.1,08:58:10,CJ_TL,0,4,11,14,15,0
80.2,08:58:10,CJ_TL,0,4,11,14,15,0
80.3,08:58:10,CJ_TL,1,4,11,14,15,0
80.4,08:58:10,CJ_TL,1,4,11,14,15,0
80.5,08:58:10,CJ_TL,1,4,11,14,15,0
80.6,08:58:10,CJ_TL,1,4,11,14,15,0
80.7,08:58:10,CJ_TL,1,4,11,14,15,1
80.8,08:58:10,CJ_TL,1,4,11,14,16,0
80.9,08:58:10,CJ_TL,1,4,11,14,16,0
81.0,08:58:10,CJ_TL,1,5,11,14,16,0
81.1,08:58:10,CJ_TL,1,5,11,14,16,0
81.2,08:58:10,CJ_TL,1,5,11,14,16,0
81.3,08:58:10,CJ_TL,1,5,11,14,16,0
81.4,08:58:10,CJ_TL,2,5,11,14,16,0
81.5,08:58:10,CJ_TL,2,5,11,14,16,0
81.6,08:58:10,CJ_TL,2,5,11,14,16,0
81.7,08:58:10,CJ_TL,2,5,11,14,16,0
81.8,08:58:10,CJ_TL,2,5,12,14,16,0
81.9,08:58:10,CJ_TL,2,5,12,14,16,0
82.0,08:58:10,CJ_TL,2,4,12,14,16,1
82.1,08:58:10,CJ_TL,2,4,12,14,16,0
82.2,08:58:10,CJ_TL,2,4,12,14,16,0
82.3,08:58:10,CJ_TL,2,4,11,14,16,0
82.4,08:58:10,CJ_TL,2,4,11,14,16,0
82.5,08:58:10,CJ_TL,3,4,11,14,16,0
82.6,08:58:10,CJ_TL,3,4,11,14,16,0
82.7,08:58:10,CJ_TL,3,4,11,14,16,0
82.8,08:58:10,CJ_TL,3,4,11,14,16,0
82.9,08:58:10,CJ_TL,3,4,11,14,16,0
83.0,08:58:10,CJ_TL,3,4,11,14,16,0
83.1,08:58:10,CJ_TL,3,4,11,14,16,0
83.2,08:58:10,CJ_TL,3,4,11,14,16,0
83.3,08:58:10,CJ_TL,3,4,11,14,16,0
83.4,08:58:10,CJ_TL,3,4,11,14,16,1
83.5,08:58:10,CJ_TL,3,4,11,14,16,0
83.6,08:58:10,CJ_TL,0,4,11,14,16,0
83.7,08:58:10,CJ_TL,0,5,11,14,16,0
83.8,08:58:10,CJ_TL,0,5,11,14,16,0
83.9,08:58:10,CJ_TL,0,5,11,14,16,0
84.0,08:58:11,CJ_TL,0,5,11,14,16,1
84.1,08:58:11,CJ_TL,0,5,11,14,16,0
84.2,08:58:11,CJ_TL,0,5,11,14,16,0
84.3,08:58:11,CJ_TL,0,5,11,14,16,0
84.4,08:58:11,CJ_TL,0,5,11,14,16,0
84.5,08:58:11,CJ_TL,0,5,11,14,16,0
84.6,08:58:11,CJ_TL,0,5,11,13,17,0
84.7,08:58:11,CJ_TL,1,5,11,13,17,0
84.8,08:58:11,CJ_TL,1,5,11,13,17,0
84.9,08:58:11,CJ_TL,1,5,11,13,17,0
85.0,08:58:11,CJ_TL,1,5,11,13,17,0
85.1,08:58:11,CJ_TL,1,5,11,13,17,0
85.2,08:58:11,CJ_TL,1,5,11,13,17,0
85.3,08:58:11,CJ_TL,1,5,11,13,17,1
85.4,08:58:11,CJ_TL,1,5,11,13,17,0
85.5,08:58:11,CJ_TL,1,5,11,13,17,0
85.6,08:58:11,CJ_TL,1,5,11,13,17,0
85.7,08:58:11,CJ_TL,1,5,11,13,17,0
85.8,08:58:11,CJ_TL,2,5,11,13,17,0
85.9,08:58:11,CJ_TL,2,5,11,13,17,0
86.0,08:58:11,CJ_TL,2,5,11,13,17,0
86.1,08:58:11,CJ_TL,2,5,11,13,17,0
86.2,08:58:11,CJ_TL,2,5,11,13,17,0
86.3,08:58:11,CJ_TL,2,5,11,13,17,0
86.4,08:58:11,CJ_TL,2,4,11,13,17,0
86.5,08:58:11,CJ_TL,2,4,11,13,17,0
86.6,08:58:11,CJ_TL,2,4,11,13,17,0
86.7,08:58:11,CJ_TL,2,4,10,13,17,0
86.8,08:58:11,CJ_TL,2,4,10,13,17,0
86.9,08:58:11,CJ_TL,3,4,10,13,17,0
87.0,08:58:11,CJ_TL,3,4,10,13,17,0
87.1,08:58:11,CJ_TL,3,4,10,13,17,0
87.2,08:58:11,CJ_TL,3,4,10,13,17,0
87.3,08:58:11,CJ_TL,3,4,10,13,18,0
87.4,08:58:11,CJ_TL,3,4,10,13,18,0
87.5,08:58:11,CJ_TL,3,4,11,13,18,0
87.6,08:58:11,CJ_TL,3,4,11,13,18,0
87.7,08:58:11,CJ_TL,3,4,11,13,18,0
87.8,08:58:11,CJ_TL,3,4,11,13,18,0
87.9,08:58:11,CJ_TL,3,4,11,13,18,0
88.0,08:58:11,CJ_TL,0,4,11,13,18,0
88.1,08:58:11,CJ_TL,0,4,11,13,18,0
88.2,08:58:11,CJ_TL,0,4,11,13,18,0
88.3,08:58:11,CJ_TL,0,4,11,13,18,0
88.4,08:58:11,CJ_TL,0,4,11,13,18,0
88.5,08:58:11,CJ_TL,0,4,11,13,18,0
88.6,08:58:11,CJ_TL,0,4,11,14,18,0
88.7,08:58:11,CJ_TL,0,4,11,14,18,0
88.8,08:58:11,CJ_TL,0,4,11,14,18,0
88.9,08:58:11,CJ_TL,0,4,11,14,18,0
89.0,08:58:11,CJ_TL,0,4,11,14,18,0
89.1,08:58:11,CJ_TL,1,4,11,14,18,0
89.2,08:58:11,CJ_TL,1,4,11,14,18,0
89.3,08:58:11,CJ_TL,1,4,11,14,18,0
89.4,08:58:11,CJ_TL,1,4,11,14,18,0
89.5,08:58:11,CJ_TL,1,4,11,14,18,0
89.6,08:58:11,CJ_TL,1,4,11,14,18,0
89.7,08:58:11,CJ_TL,1,4,11,14,18,0
89.8,08:58:11,CJ_TL,1,4,11,14,18,0
89.9,08:58:11,CJ_TL,1,4,11,14,18,0
90.0,08:58:11,CJ_TL,1,4,11,14,19,0
90.1,08:58:11,CJ_TL,1,4,11,14,19,0
90.2,08:58:11,CJ_TL,2,4,11,14,19,0
90.3,08:58:11,CJ_TL,2,4,11,14,19,0
90.4,08:58:11,CJ_TL,2,4,11,14,19,0
90.5,08:58:11,CJ_TL,2,4,11,14,19,0
90.6,08:58:11,CJ_TL,2,4,11,14,19,0
90.7,08:58:11,CJ_TL,2,4,11,14,19,0
90.8,08:58:11,CJ_TL,2,4,11,14,19,0
90.9,08:58:11,CJ_TL,2,4,11,14,19,0
91.0,08:58:11,CJ_TL,2,4,11,14,19,0
91.1,08:58:11,CJ_TL,2,4,11,14,19,1
91.2,08:58:11,CJ_TL,2,4,11,14,19,0
91.3,08:58:11,CJ_TL,3,4,11,14,19,0
91.4,08:58:11,CJ_TL,3,4,10,14,19,0
91.5,08:58:12,CJ_TL,3,4,10,14,19,1
91.6,08:58:12,CJ_TL,3,4,10,14,19,0
91.7,08:58:12,CJ_TL,3,4,10,14,19,0
91.8,08:58:12,CJ_TL,3,4,10,14,19,0
91.9,08:58:12,CJ_TL,3,4,10,14,19,0
92.0,08:58:12,CJ_TL,3,4,10,14,19,0
92.1,08:58:12,CJ_TL,3,4,10,14,19,0
92.2,08:58:12,CJ_TL,3,4,10,14,19,0
92.3,08:58:12,CJ_TL,3,4,10,14,19,0
92.4,08:58:12,CJ_TL,0,4,10,14,19,0
92.5,08:58:12,CJ_TL,0,4,10,14,19,0
92.6,08:58:12,CJ_TL,0,4,10,14,19,1
92.7,08:58:12,CJ_TL,0,4,10,14,19,0
92.8,08:58:12,CJ_TL,0,4,10,14,20,0
92.9,08:58:12,CJ_TL,0,4,10,14,20,0
93.0,08:58:12,CJ_TL,0,4,10,14,20,0
93.1,08:58:12,CJ_TL,0,4,10,14,20,0
93.2,08:58:12,CJ_TL,0,4,10,14,20,0
93.3,08:58:12,CJ_TL,0,4,10,14,20,0
93.4,08:58:12,CJ_TL,0,4,10,14,20,0
93.5,08:58:12,CJ_TL,1,4,10,14,20,0
93.6,08:58:12,CJ_TL,1,4,10,14,20,0
93.7,08:58:12,CJ_TL,1,4,11,14,20,0
93.8,08:58:12,CJ_TL,1,4,11,14,20,0
93.9,08:58:12,CJ_TL,1,4,11,14,20,0
94.0,08:58:12,CJ_TL,1,4,11,14,20,0
94.1,08:58:12,CJ_TL,1,4,11,14,20,0
94.2,08:58:12,CJ_TL,1,4,11,14,20,0
94.3,08:58:12,CJ_TL,1,4,11,14,20,0
94.4,08:58:12,CJ_TL,1,4,11,14,20,0
94.5,08:58:12,CJ_TL,1,4,11,14,20,0
94.6,08:58:12,CJ_TL,2,4,11,14,20,0
94.7,08:58:12,CJ_TL,2,4,11,14,20,0
94.8,08:58:12,CJ_TL,2,4,11,14,20,0
94.9,08:58:12,CJ_TL,2,4,11,14,20,0
95.0,08:58:12,CJ_TL,2,4,11,15,20,0
95.1,08:58:12,CJ_TL,2,4,11,15,20,0
95.2,08:58:12,CJ_TL,2,4,11,15,20,0
95.3,08:58:12,CJ_TL,2,4,11,15,20,0
95.4,08:58:12,CJ_TL,2,4,11,15,20,0
95.5,08:58:12,CJ_TL,2,3,11,15,20,0
95.6,08:58:12,CJ_TL,2,3,11,15,20,1
95.7,08:58:12,CJ_TL,3,3,10,15,20,0
95.8,08:58:12,CJ_TL,3,3,10,15,20,0
95.9,08:58:12,CJ_TL,3,3,10,15,20,0
96.0,08:58:12,CJ_TL,3,3,10,15,20,0
96.1,08:58:12,CJ_TL,3,3,10,15,20,0
96.2,08:58:12,CJ_TL,3,3,10,15,20,0
96.3,08:58:12,CJ_TL,3,3,10,15,20,0
96.4,08:58:12,CJ_TL,3,3,10,15,20,0
96.5,08:58:12,CJ_TL,3,3,10,15,20,0
96.6,08:58:12,CJ_TL,3,3,10,15,20,0
96.7,08:58:12,CJ_TL,3,3,10,15,20,0
96.8,08:58:12,CJ_TL,0,3,10,15,20,0
96.9,08:58:12,CJ_TL,0,3,10,15,20,0
97.0,08:58:12,CJ_TL,0,3,10,15,20,0
97.1,08:58:12,CJ_TL,0,3,10,15,20,0
97.2,08:58:12,CJ_TL,0,3,10,15,20,0
97.3,08:58:12,CJ_TL,0,3,10,15,19,0
97.4,08:58:12,CJ_TL,0,3,10,15,19,0
97.5,08:58:12,CJ_TL,0,3,10,15,19,0
97.6,08:58:12,CJ_TL,0,3,10,15,19,0
97.7,08:58:12,CJ_TL,0,3,10,15,19,0
97.8,08:58:12,CJ_TL,0,3,10,15,19,0
97.9,08:58:12,CJ_TL,1,3,10,15,19,0
98.0,08:58:12,CJ_TL,1,3,10,15,19,0
98.1,08:58:12,CJ_TL,1,3,10,16,19,0
98.2,08:58:12,CJ_TL,1,3,10,16,19,0
98.3,08:58:12,CJ_TL,1,3,10,16,19,0
98.4,08:58:12,CJ_TL,1,3,10,16,19,1
98.5,08:58:12,CJ_TL,1,3,10,16,19,0
98.6,08:58:12,CJ_TL,1,3,10,16,19,0
98.7,08:58:12,CJ_TL,1,3,10,16,19,0
98.8,08:58:12,CJ_TL,1,3,10,16,19,0
98.9,08:58:12,CJ_TL,1,3,10,16,19,0
99.0,08:58:12,CJ_TL,2,3,10,16,19,1
99.1,08:58:12,CJ_TL,2,3,10,16,19,0
99.2,08:58:12,CJ_TL,2,3,11,16,19,0
99.3,08:58:12,CJ_TL,2,3,11,16,19,0
99.4,08:58:12,CJ_TL,2,3,11,16,19,0
99.5,08:58:12,CJ_TL,2,3,11,16,19,0
99.6,08:58:12,CJ_TL,2,3,11,16,19,0
99.7,08:58:13,CJ_TL,2,3,11,16,19,0
99.8,08:58:13,CJ_TL,2,3,11,16,20,0
99.9,08:58:13,CJ_TL,2,3,11,16,20,0
100.0,08:58:13,CJ_TL,2,2,11,16,20,0
100.1,08:58:13,CJ_TL,3,2,11,16,20,0
100.2,08:58:13,CJ_TL,3,2,11,16,20,0
100.3,08:58:13,CJ_TL,3,2,11,16,20,0
100.4,08:58:13,CJ_TL,3,2,11,16,20,0
100.5,08:58:13,CJ_TL,3,2,11,16,20,0
100.6,08:58:13,CJ_TL,3,2,11,16,20,0
100.7,08:58:13,CJ_TL,3,2,11,16,20,0
100.8,08:58:13,CJ_TL,3,2,11,16,20,0
100.9,08:58:13,CJ_TL,3,2,11,16,20,0
101.0,08:58:13,CJ_TL,3,2,11,16,20,0
101.1,08:58:13,CJ_TL,3,2,11,16,20,0
101.2,08:58:13,CJ_TL,0,2,11,16,20,0
101.3,08:58:13,CJ_TL,0,2,11,16,20,0
101.4,08:58:13,CJ_TL,0,2,11,16,20,0
101.5,08:58:13,CJ_TL,0,2,11,16,20,0
101.6,08:58:13,CJ_TL,0,2,11,16,20,0
101.7,08:58:13,CJ_TL,0,2,11,16,20,0
101.8,08:58:13,CJ_TL,0,2,11,16,20,0
101.9,08:58:13,CJ_TL,0,2,11,16,20,0
102.0,08:58:13,CJ_TL,0,2,11,16,20,0
102.1,08:58:13,CJ_TL,0,2,11,16,20,0
102.2,08:58:13,CJ_TL,0,2,11,16,20,0
102.3,08:58:13,CJ_TL,1,2,11,16,20,0
102.4,08:58:13,CJ_TL,1,2,11,16,20,0
102.5,08:58:13,CJ_TL,1,2,11,16,20,0
102.6,08:58:13,CJ_TL,1,2,11,16,20,0
102.7,08:58:13,CJ_TL,1,2,11,16,20,0
102.8,08:58:13,CJ_TL,1,2,11,16,20,1
102.9,08:58:13,CJ_TL,1,2,11,16,20,0
103.0,08:58:13,CJ_TL,1,2,11,16,20,0
103.1,08:58:13,CJ_TL,1,2,11,16,20,0
103.2,08:58:13,CJ_TL,1,2,11,16,20,0
103.3,08:58:13,CJ_TL,1,2,11,16,20,0
103.4,08:58:13,CJ_TL,2,2,11,16,20,0
103.5,08:58:13,CJ_TL,2,2,11,16,20,0
103.6,08:58:13,CJ_TL,2,2,11,16,20,0
103.7,08:58:13,CJ_TL,2,2,11,16,20,0
103.8,08:58:13,CJ_TL,2,2,11,16,20,0
103.9,08:58:13,CJ_TL,2,2,11,16,20,1
104.0,08:58:13,CJ_TL,2,2,11,16,20,0
104.1,08:58:13,CJ_TL,2,2,11,16,20,0
104.2,08:58:13,CJ_TL,2,2,12,16,20,0
104.3,08:58:13,CJ_TL,2,2,12,16,20,0
104.4,08:58:13,CJ_TL,2,2,11,16,20,0
104.5,08:58:13,CJ_TL,3,2,11,16,20,0
104.6,08:58:13,CJ_TL,3,2,11,16,20,1
104.7,08:58:13,CJ_TL,3,2,11,16,20,0
104.8,08:58:13,CJ_TL,3,2,11,16,20,0
104.9,08:58:13,CJ_TL,3,2,11,16,20,0
105.0,08:58:13,CJ_TL,3,2,11,16,20,0
105.1,08:58:13,CJ_TL,3,2,11,16,20,0
105.2,08:58:13,CJ_TL,3,2,11,16,20,1
105.3,08:58:13,CJ_TL,3,2,11,16,20,0
105.4,08:58:13,CJ_TL,3,2,11,16,20,0
105.5,08:58:13,CJ_TL,3,2,11,16,20,0
105.6,08:58:13,CJ_TL,0,2,11,16,20,0
105.7,08:58:13,CJ_TL,0,2,11,16,20,0
105.8,08:58:13,CJ_TL,0,2,11,16,20,0
105.9,08:58:13,CJ_TL,0,2,11,16,20,0
106.0,08:58:13,CJ_TL,0,2,11,16,20,0
106.1,08:58:13,CJ_TL,0,2,11,16,20,0
106.2,08:58:13,CJ_TL,0,2,11,16,20,0
106.3,08:58:13,CJ_TL,0,2,11,15,20,0
106.4,08:58:13,CJ_TL,0,2,11,15,20,0
106.5,08:58:13,CJ_TL,0,2,11,15,20,0
106.6,08:58:13,CJ_TL,0,2,11,15,20,0
106.7,08:58:13,CJ_TL,1,2,11,15,20,0
106.8,08:58:13,CJ_TL,1,2,11,15,20,0
106.9,08:58:13,CJ_TL,1,2,11,15,20,0
107.0,08:58:13,CJ_TL,1,2,11,15,20,0
107.1,08:58:13,CJ_TL,1,2,11,15,20,0
107.2,08:58:13,CJ_TL,1,2,11,15,20,0
107.3,08:58:13,CJ_TL,1,2,11,15,20,0
107.4,08:58:13,CJ_TL,1,2,11,15,20,1
107.5,08:58:13,CJ_TL,1,2,11,15,20,0
107.6,08:58:13,CJ_TL,1,2,11,15,20,0
107.7,08:58:13,CJ_TL,1,2,11,15,20,0
107.8,08:58:13,CJ_TL,2,2,11,15,20,0
107.9,08:58:13,CJ_TL,2,2,11,15,20,0
108.0,08:58:14,CJ_TL,2,2,11,15,20,0
108.1,08:58:14,CJ_TL,2,2,11,15,20,0
108.2,08:58:14,CJ_TL,2,2,11,15,20,0
108.3,08:58:14,CJ_TL,2,2,11,15,20,0
108.4,08:58:14,CJ_TL,2,2,11,15,20,0
108.5,08:58:14,CJ_TL,2,2,11,15,20,0
108.6,08:58:14,CJ_TL,2,2,11,15,20,0
108.7,08:58:14,CJ_TL,2,2,11,15,20,0
108.8,08:58:14,CJ_TL,2,1,10,15,20,0
108.9,08:58:14,CJ_TL,3,1,10,15,20,0
109.0,08:58:14,CJ_TL,3,1,10,15,20,0
109.1,08:58:14,CJ_TL,3,1,10,15,20,0
109.2,08:58:14,CJ_TL,3,1,10,15,20,0
109.3,08:58:14,CJ_TL,3,1,10,15,20,0
109.4,08:58:14,CJ_TL,3,1,10,15,20,0
109.5,08:58:14,CJ_TL,3,1,10,15,20,0
109.6,08:58:14,CJ_TL,3,1,11,15,20,0
109.7,08:58:14,CJ_TL,3,1,11,15,20,0
109.8,08:58:14,CJ_TL,3,1,11,15,20,0
109.9,08:58:14,CJ_TL,3,1,11,15,20,0
110.0,08:58:14,CJ_TL,0,1,11,15,20,0
110.1,08:58:14,CJ_TL,0,1,11,15,20,0
110.2,08:58:14,CJ_TL,0,1,11,15,20,0
110.3,08:58:14,CJ_TL,0,1,11,15,20,0
110.4,08:58:14,CJ_TL,0,1,11,15,20,0
110.5,08:58:14,CJ_TL,0,1,11,15,20,0
110.6,08:58:14,CJ_TL,0,1,11,15,20,0
110.7,08:58:14,CJ_TL,0,1,11,14,20,0
110.8,08:58:14,CJ_TL,0,1,11,14,20,0
110.9,08:58:14,CJ_TL,0,1,11,14,20,0
111.0,08:58:14,CJ_TL,0,1,11,14,20,0
111.1,08:58:14,CJ_TL,1,1,11,14,20,0
111.2,08:58:14,CJ_TL,1,1,11,14,20,0
111.3,08:58:14,CJ_TL,1,1,11,14,20,0
111.4,08:58:14,CJ_TL,1,1,11,14,20,0
111.5,08:58:14,CJ_TL,1,1,11,14,20,0
111.6,08:58:14,CJ_TL,1,1,11,14,20,0
111.7,08:58:14,CJ_TL,1,1,11,14,20,0
111.8,08:58:14,CJ_TL,1,1,11,14,20,0
111.9,08:58:14,CJ_TL,1,1,11,14,20,0
112.0,08:58:14,CJ_TL,1,1,11,14,20,0
112.1,08:58:14,CJ_TL,1,1,11,14,20,0
112.2,08:58:14,CJ_TL,2,1,11,14,20,0
112.3,08:58:14,CJ_TL,2,1,11,14,20,0
112.4,08:58:14,CJ_TL,2,1,11,14,20,0
112.5,08:58:14,CJ_TL,2,1,11,14,20,0
112.6,08:58:14,CJ_TL,2,1,11,14,20,0
112.7,08:58:14,CJ_TL,2,1,11,14,20,0
112.8,08:58:14,CJ_TL,2,1,10,14,20,0
112.9,08:58:14,CJ_TL,2,1,10,14,20,0
113.0,08:58:14,CJ_TL,2,1,10,14,20,0
113.1,08:58:14,CJ_TL,2,1,10,14,20,0
113.2,08:58:14,CJ_TL,2,1,10,14,20,0
113.3,08:58:14,CJ_TL,3,1,10,14,20,0
113.4,08:58:14,CJ_TL,3,1,10,14,20,0
113.5,08:58:14,CJ_TL,3,1,10,14,20,0
113.6,08:58:14,CJ_TL,3,1,10,14,20,0
113.7,08:58:14,CJ_TL,3,1,10,14,20,0
113.8,08:58:14,CJ_TL,3,1,10,14,20,0
113.9,08:58:14,CJ_TL,3,1,10,14,20,0
114.0,08:58:14,CJ_TL,3,1,10,14,20,1
114.1,08:58:14,CJ_TL,3,1,10,14,20,0
114.2,08:58:14,CJ_TL,3,1,10,14,20,0
114.3,08:58:14,CJ_TL,3,1,10,14,20,0
114.4,08:58:14,CJ_TL,0,1,10,14,20,0
114.5,08:58:14,CJ_TL,0,1,10,14,20,0
114.6,08:58:14,CJ_TL,0,1,10,14,20,1
114.7,08:58:14,CJ_TL,0,1,10,14,19,0
114.8,08:58:14,CJ_TL,0,1,10,14,19,0
114.9,08:58:14,CJ_TL,0,1,10,14,19,0
115.0,08:58:14,CJ_TL,0,1,10,14,19,0
115.1,08:58:14,CJ_TL,0,1,10,14,19,0
115.2,08:58:14,CJ_TL,0,1,10,14,19,1
115.3,08:58:14,CJ_TL,0,1,10,14,19,0
115.4,08:58:14,CJ_TL,0,1,10,14,19,0
115.5,08:58:14,CJ_TL,1,1,10,14,19,0
115.6,08:58:14,CJ_TL,1,1,10,14,19,0
115.7,08:58:14,CJ_TL,1,1,10,14,19,0
115.8,08:58:14,CJ_TL,1,1,10,14,19,0
115.9,08:58:14,CJ_TL,1,1,11,14,19,0
116.0,08:58:14,CJ_TL,1,1,11,14,19,0
116.1,08:58:15,CJ_TL,1,1,11,14,19,0
116.2,08:58:15,CJ_TL,1,1,11,14,19,0
116.3,08:58:15,CJ_TL,1,1,11,14,19,0
116.4,08:58:15,CJ_TL,1,1,11,14,19,0
116.5,08:58:15,CJ_TL,1,1,11,14,19,0
116.6,08:58:15,CJ_TL,2,1,11,14,19,0
116.7,08:58:15,CJ_TL,2,1,11,14,19,0
116.8,08:58:15,CJ_TL,2,1,11,14,19,0
116.9,08:58:15,CJ_TL,2,1,11,14,19,1
117.0,08:58:15,CJ_TL,2,1,11,14,19,0
117.1,08:58:15,CJ_TL,2,1,11,14,19,0
117.2,08:58:15,CJ_TL,2,1,11,14,19,0
117.3,08:58:15,CJ_TL,2,1,11,14,19,0
117.4,08:58:15,CJ_TL,2,1,11,14,19,0
117.5,08:58:15,CJ_TL,2,1,11,14,19,0
117.6,08:58:15,CJ_TL,2,0,11,14,19,0
117.7,08:58:15,CJ_TL,3,0,11,14,19,0
117.8,08:58:15,CJ_TL,3,0,11,14,19,0
117.9,08:58:15,CJ_TL,3,0,11,14,19,0
118.0,08:58:15,CJ_TL,3,0,11,14,19,0
118.1,08:58:15,CJ_TL,3,0,11,14,19,0
118.2,08:58:15,CJ_TL,3,0,11,14,19,0
118.3,08:58:15,CJ_TL,3,0,11,14,19,0
118.4,08:58:15,CJ_TL,3,0,11,14,19,0
118.5,08:58:15,CJ_TL,3,0,11,14,19,0
118.6,08:58:15,CJ_TL,3,0,11,14,19,0
118.7,08:58:15,CJ_TL,3,0,11,14,19,0
118.8,08:58:15,CJ_TL,0,0,11,14,19,0
118.9,08:58:15,CJ_TL,0,0,11,14,19,0
119.0,08:58:15,CJ_TL,0,0,11,14,19,0
119.1,08:58:15,CJ_TL,0,0,11,14,19,0
119.2,08:58:15,CJ_TL,0,0,11,14,19,0
119.3,08:58:15,CJ_TL,0,0,11,14,19,0
119.4,08:58:15,CJ_TL,0,0,11,14,19,0
119.5,08:58:15,CJ_TL,0,0,11,14,19,0
119.6,08:58:15,CJ_TL,0,0,11,14,19,0
119.7,08:58:15,CJ_TL,0,0,11,14,19,0
119.8,08:58:15,CJ_TL,0,0,11,13,19,0
119.9,08:58:15,CJ_TL,1,0,11,13,19,0
120.0,08:58:15,CJ_TL,1,0,11,13,19,0
120.1,08:58:15,CJ_TL,1,0,11,13,19,0
120.2,08:58:15,CJ_TL,1,0,11,13,19,0
120.3,08:58:15,CJ_TL,1,0,11,13,19,0
120.4,08:58:15,CJ_TL,1,0,11,13,19,1
120.5,08:58:15,CJ_TL,1,0,11,13,19,0
120.6,08:58:15,CJ_TL,1,0,11,13,19,0
120.7,08:58:15,CJ_TL,1,0,11,13,19,0
120.8,08:58:15,CJ_TL,1,0,11,13,19,0
120.9,08:58:15,CJ_TL,1,0,11,13,19,0
121.0,08:58:15,CJ_TL,2,0,11,13,19,0
121.1,08:58:15,CJ_TL,2,0,11,13,19,0
121.2,08:58:15,CJ_TL,2,0,12,13,19,0
121.3,08:58:15,CJ_TL,2,0,12,13,19,0
121.4,08:58:15,CJ_TL,2,0,12,13,19,0
121.5,08:58:15,CJ_TL,2,0,12,13,19,0
121.6,08:58:15,CJ_TL,2,0,12,13,19,0
121.7,08:58:15,CJ_TL,2,0,12,13,19,0
121.8,08:58:15,CJ_TL,2,0,12,13,19,0
121.9,08:58:15,CJ_TL,2,0,12,13,19,0
122.0,08:58:15,CJ_TL,2,0,11,13,19,0
122.1,08:58:15,CJ_TL,3,0,11,13,19,0
122.2,08:58:15,CJ_TL,3,0,11,13,19,0
122.3,08:58:15,CJ_TL,3,0,11,13,19,1
122.4,08:58:15,CJ_TL,3,0,11,13,19,0
122.5,08:58:15,CJ_TL,3,0,11,13,19,0
122.6,08:58:15,CJ_TL,3,0,11,13,19,0
122.7,08:58:15,CJ_TL,3,0,11,13,19,0
122.8,08:58:15,CJ_TL,3,0,11,13,19,0
122.9,08:58:15,CJ_TL,3,0,11,13,19,0
123.0,08:58:15,CJ_TL,3,0,11,13,19,0
123.1,08:58:15,CJ_TL,3,0,11,13,19,0
123.2,08:58:15,CJ_TL,0,0,11,13,19,0
123.3,08:58:15,CJ_TL,0,0,11,13,19,0
123.4,08:58:15,CJ_TL,0,0,11,13,19,0
123.5,08:58:15,CJ_TL,0,0,11,13,18,1
123.6,08:58:15,CJ_TL,0,0,11,13,18,0
123.7,08:58:15,CJ_TL,0,0,11,13,18,0
123.8,08:58:15,CJ_TL,0,0,11,13,18,0
123.9,08:58:15,CJ_TL,0,0,11,13,18,0
124.0,08:58:15,CJ_TL,0,0,11,12,18,0
124.1,08:58:15,CJ_TL,0,0,11,12,18,0
124.2,08:58:15,CJ_TL,0,0,11,12,18,0
124.3,08:58:15,CJ_TL,1,0,11,12,18,0
124.4,08:58:16,CJ_TL,1,0,11,12,18,0
124.5,08:58:16,CJ_TL,1,0,11,12,18,0
124.6,08:58:16,CJ_TL,1,0,11,12,18,0
124.7,08:58:16,CJ_TL,1,0,11,12,18,0
124.8,08:58:16,CJ_TL,1,0,11,12,18,0
124.9,08:58:16,CJ_TL,1,0,11,12,18,0
125.0,08:58:16,CJ_TL,1,0,11,12,18,0
125.1,08:58:16,CJ_TL,1,0,11,12,18,0
125.2,08:58:16,CJ_TL,1,0,11,12,18,0
125.3,08:58:16,CJ_TL,1,0,11,12,18,0
125.4,08:58:16,CJ_TL,2,0,11,12,18,0
125.5,08:58:16,CJ_TL,2,0,11,12,18,0
125.6,08:58:16,CJ_TL,2,0,11,12,18,0
125.7,08:58:16,CJ_TL,2,0,11,12,18,0
125.8,08:58:16,CJ_TL,2,0,11,12,18,0
125.9,08:58:16,CJ_TL,2,0,11,12,18,0
126.0,08:58:16,CJ_TL,2,0,10,12,18,0
126.1,08:58:16,CJ_TL,2,0,10,12,18,1
126.2,08:58:16,CJ_TL,2,0,10,12,18,0
126.3,08:58:16,CJ_TL,2,0,10,12,18,0
126.4,08:58:16,CJ_TL,2,0,10,12,18,0
126.5,08:58:16,CJ_TL,3,0,10,12,18,0
126.6,08:58:16,CJ_TL,3,0,10,12,18,0
126.7,08:58:16,CJ_TL,3,0,10,12,18,0
126.8,08:58:16,CJ_TL,3,0,10,12,18,0
126.9,08:58:16,CJ_TL,3,0,11,12,18,0
127.0,08:58:16,CJ_TL,3,0,11,12,18,0
127.1,08:58:16,CJ_TL,3,0,11,12,18,0
127.2,08:58:16,CJ_TL,3,0,11,12,18,0
127.3,08:58:16,CJ_TL,3,0,11,12,18,0
127.4,08:58:16,CJ_TL,3,0,11,12,18,0
127.5,08:58:16,CJ_TL,3,0,11,12,18,0
127.6,08:58:16,CJ_TL,0,0,11,12,18,0
127.7,08:58:16,CJ_TL,0,0,11,12,18,0
127.8,08:58:16,CJ_TL,0,0,11,12,18,0
127.9,08:58:16,CJ_TL,0,0,11,12,18,0
128.0,08:58:16,CJ_TL,0,0,11,12,18,0
128.1,08:58:16,CJ_TL,0,0,11,12,18,0
128.2,08:58:16,CJ_TL,0,0,11,12,18,0
128.3,08:58:16,CJ_TL,0,0,11,12,18,0
128.4,08:58:16,CJ_TL,0,0,11,12,18,0
128.5,08:58:16,CJ_TL,0,0,11,12,17,0
128.6,08:58:16,CJ_TL,0,0,11,12,17,0
128.7,08:58:16,CJ_TL,1,0,11,12,17,0
128.8,08:58:16,CJ_TL,1,0,11,12,17,0
128.9,08:58:16,CJ_TL,1,0,11,12,17,0
129.0,08:58:16,CJ_TL,1,0,11,12,17,0
129.1,08:58:16,CJ_TL,1,0,11,12,17,0
129.2,08:58:16,CJ_TL,1,0,11,12,17,0
129.3,08:58:16,CJ_TL,1,0,11,12,17,0
129.4,08:58:16,CJ_TL,1,0,11,12,17,1
129.5,08:58:16,CJ_TL,1,0,11,12,17,0
129.6,08:58:16,CJ_TL,1,0,11,12,17,0
129.7,08:58:16,CJ_TL,1,0,11,12,17,0
129.8,08:58:16,CJ_TL,2,0,11,12,17,0
129.9,08:58:16,CJ_TL,2,0,11,12,17,0
130.0,08:58:16,CJ_TL,2,0,11,12,17,0
130.1,08:58:16,CJ_TL,2,0,11,12,17,0
130.2,08:58:16,CJ_TL,2,0,11,12,17,0
130.3,08:58:16,CJ_TL,2,0,11,12,17,0
130.4,08:58:16,CJ_TL,2,0,11,12,17,0
130.5,08:58:16,CJ_TL,2,0,11,12,17,0
130.6,08:58:16,CJ_TL,2,0,11,12,17,0
130.7,08:58:16,CJ_TL,2,0,11,12,17,0
130.8,08:58:16,CJ_TL,2,0,11,12,17,0
130.9,08:58:16,CJ_TL,3,0,11,12,17,1
131.0,08:58:16,CJ_TL,3,0,11,12,17,0
131.1,08:58:16,CJ_TL,3,0,11,12,17,0
131.2,08:58:16,CJ_TL,3,0,11,12,17,0
131.3,08:58:16,CJ_TL,3,0,11,12,17,0
131.4,08:58:16,CJ_TL,3,0,11,12,17,0
131.5,08:58:16,CJ_TL,3,0,11,12,17,0
131.6,08:58:16,CJ_TL,3,0,11,12,17,0
131.7,08:58:16,CJ_TL,3,0,11,12,17,0
131.8,08:58:16,CJ_TL,3,0,11,12,17,0
131.9,08:58:16,CJ_TL,3,0,11,12,17,1
132.0,08:58:16,CJ_TL,0,0,11,12,17,0
132.1,08:58:16,CJ_TL,0,0,11,12,17,0
132.2,08:58:16,CJ_TL,0,0,11,12,17,0
132.3,08:58:16,CJ_TL,0,0,11,12,17,0
132.4,08:58:16,CJ_TL,0,0,11,12,17,0
132.5,08:58:16,CJ_TL,0,0,11,12,17,0
132.6,08:58:16,CJ_TL,0,0,11,12,17,0
132.7,08:58:16,CJ_TL,0,0,11,12,17,0
132.8,08:58:17,CJ_TL,0,0,11,12,17,0
132.9,08:58:17,CJ_TL,0,0,11,11,16,0
133.0,08:58:17,CJ_TL,0,0,11,11,16,0
133.1,08:58:17,CJ_TL,1,0,11,11,16,0
133.2,08:58:17,CJ_TL,1,0,11,11,16,0
133.3,08:58:17,CJ_TL,1,0,11,11,16,0
133.4,08:58:17,CJ_TL,1,0,11,11,16,0
133.5,08:58:17,CJ_TL,1,0,11,11,16,0
133.6,08:58:17,CJ_TL,1,0,12,11,16,0
133.7,08:58:17,CJ_TL,1,0,12,11,16,0
133.8,08:58:17,CJ_TL,1,0,12,11,16,0
133.9,08:58:17,CJ_TL,1,0,12,11,16,0
134.0,08:58:17,CJ_TL,1,0,12,11,16,0
134.1,08:58:17,CJ_TL,1,0,12,11,16,0
134.2,08:58:17,CJ_TL,2,0,12,11,16,0
134.3,08:58:17,CJ_TL,2,0,12,11,16,0
134.4,08:58:17,CJ_TL,2,0,12,11,16,1
134.5,08:58:17,CJ_TL,2,0,12,11,16,1
134.6,08:58:17,CJ_TL,2,0,12,11,16,0
134.7,08:58:17,CJ_TL,2,0,12,11,16,0
134.8,08:58:17,CJ_TL,2,0,12,11,16,0
134.9,08:58:17,CJ_TL,2,0,12,11,16,0
135.0,08:58:17,CJ_TL,2,0,12,11,16,0
135.1,08:58:17,CJ_TL,2,0,12,11,16,0
135.2,08:58:17,CJ_TL,2,0,11,11,16,0
135.3,08:58:17,CJ_TL,3,0,11,11,16,0
135.4,08:58:17,CJ_TL,3,0,11,11,16,0
135.5,08:58:17,CJ_TL,3,0,11,11,16,0
135.6,08:58:17,CJ_TL,3,0,11,11,16,0
135.7,08:58:17,CJ_TL,3,0,11,11,16,0
135.8,08:58:17,CJ_TL,3,0,11,11,16,0
135.9,08:58:17,CJ_TL,3,0,11,11,16,0
136.0,08:58:17,CJ_TL,3,0,11,11,16,1
136.1,08:58:17,CJ_TL,3,0,11,11,16,0
136.2,08:58:17,CJ_TL,3,0,11,11,16,0
136.3,08:58:17,CJ_TL,3,0,11,11,16,0
136.4,08:58:17,CJ_TL,0,0,11,11,16,0
136.5,08:58:17,CJ_TL,0,0,11,11,16,0
136.6,08:58:17,CJ_TL,0,0,11,11,16,0
136.7,08:58:17,CJ_TL,0,0,11,11,16,0
136.8,08:58:17,CJ_TL,0,0,11,11,16,0
136.9,08:58:17,CJ_TL,0,0,11,11,16,0
137.0,08:58:17,CJ_TL,0,0,11,11,16,0
137.1,08:58:17,CJ_TL,0,0,11,11,16,0
137.2,08:58:17,CJ_TL,0,0,11,11,16,0
137.3,08:58:17,CJ_TL,0,0,11,11,15,0
137.4,08:58:17,CJ_TL,0,0,11,10,15,0
137.5,08:58:17,CJ_TL,1,0,11,10,15,0
137.6,08:58:17,CJ_TL,1,0,11,10,15,0
137.7,08:58:17,CJ_TL,1,0,11,10,15,0
137.8,08:58:17,CJ_TL,1,0,11,10,15,0
137.9,08:58:17,CJ_TL,1,0,11,10,15,0
138.0,08:58:17,CJ_TL,1,0,11,10,15,0
138.1,08:58:17,CJ_TL,1,0,11,10,15,0
138.2,08:58:17,CJ_TL,1,0,11,10,15,0
138.3,08:58:17,CJ_TL,1,0,11,10,15,0
138.4,08:58:17,CJ_TL,1,0,11,10,15,0
138.5,08:58:17,CJ_TL,1,0,11,10,15,0
138.6,08:58:17,CJ_TL,2,0,11,10,15,0
138.7,08:58:17,CJ_TL,2,0,11,10,15,0
138.8,08:58:17,CJ_TL,2,0,11,10,15,0
138.9,08:58:17,CJ_TL,2,0,11,10,15,0
139.0,08:58:17,CJ_TL,2,0,11,10,15,1
139.1,08:58:17,CJ_TL,2,0,11,10,15,0
139.2,08:58:17,CJ_TL,2,0,11,10,15,0
139.3,08:58:17,CJ_TL,2,0,10,10,15,0
139.4,08:58:17,CJ_TL,2,0,10,10,15,0
139.5,08:58:17,CJ_TL,2,0,10,10,15,0
139.6,08:58:17,CJ_TL,2,0,10,10,15,0
139.7,08:58:17,CJ_TL,3,0,10,10,15,0
139.8,08:58:17,CJ_TL,3,0,11,10,15,0
139.9,08:58:17,CJ_TL,3,0,11,10,15,0
140.0,08:58:17,CJ_TL,3,0,11,10,15,0
140.1,08:58:17,CJ_TL,3,0,11,10,15,0
140.2,08:58:17,CJ_TL,3,0,11,10,15,0
140.3,08:58:17,CJ_TL,3,0,11,10,15,0
140.4,08:58:17,CJ_TL,3,0,11,10,15,0
140.5,08:58:17,CJ_TL,3,0,11,10,15,0
140.6,08:58:17,CJ_TL,3,0,11,10,15,0
140.7,08:58:17,CJ_TL,3,0,11,10,15,0
140.8,08:58:17,CJ_TL,0,0,11,10,15,0
140.9,08:58:17,CJ_TL,0,0,11,10,15,0
141.0,08:58:17,CJ_TL,0,0,11,10,15,0
141.1,08:58:17,CJ_TL,0,0,11,10,15,0
141.2,08:58:17,CJ_TL,0,0,11,10,15,0
141.3,08:58:17,CJ_TL,0,0,11,10,15,0
141.4,08:58:17,CJ_TL,0,0,11,10,15,0
141.5,08:58:17,CJ_TL,0,0,11,10,15,1
141.6,08:58:18,CJ_TL,0,0,11,10,15,0
141.7,08:58:18,CJ_TL,0,0,11,10,15,0
141.8,08:58:18,CJ_TL,0,0,11,10,14,0
141.9,08:58:18,CJ_TL,1,0,11,10,14,0
142.0,08:58:18,CJ_TL,1,0,11,10,14,0
142.1,08:58:18,CJ_TL,1,0,11,10,14,0
142.2,08:58:18,CJ_TL,1,0,11,9,14,0
142.3,08:58:18,CJ_TL,1,0,11,9,14,0
142.4,08:58:18,CJ_TL,1,0,11,9,14,0
142.5,08:58:18,CJ_TL,1,0,11,9,14,0
142.6,08:58:18,CJ_TL,1,0,11,9,14,0
142.7,08:58:18,CJ_TL,1,0,11,9,14,0
142.8,08:58:18,CJ_TL,1,0,11,9,14,0
142.9,08:58:18,CJ_TL,1,0,11,9,14,0
143.0,08:58:18,CJ_TL,2,0,11,9,14,0
143.1,08:58:18,CJ_TL,2,0,11,9,14,0
143.2,08:58:18,CJ_TL,2,0,11,9,14,0
143.3,08:58:18,CJ_TL,2,0,11,9,14,0
143.4,08:58:18,CJ_TL,2,0,11,9,14,0
143.5,08:58:18,CJ_TL,2,0,11,9,14,0
143.6,08:58:18,CJ_TL,2,0,11,9,14,0
143.7,08:58:18,CJ_TL,2,0,11,9,14,0
143.8,08:58:18,CJ_TL,2,0,11,9,14,0
143.9,08:58:18,CJ_TL,2,0,11,9,14,0
144.0,08:58:18,CJ_TL,2,0,11,9,14,0
144.1,08:58:18,CJ_TL,3,0,11,9,14,0
144.2,08:58:18,CJ_TL,3,0,10,9,14,0
144.3,08:58:18,CJ_TL,3,0,10,9,14,0
144.4,08:58:18,CJ_TL,3,0,10,9,14,0
144.5,08:58:18,CJ_TL,3,0,10,9,14,0
144.6,08:58:18,CJ_TL,3,0,10,9,14,0
144.7,08:58:18,CJ_TL,3,0,10,9,14,1
144.8,08:58:18,CJ_TL,3,0,10,9,14,0
144.9,08:58:18,CJ_TL,3,0,10,9,14,0
145.0,08:58:18,CJ_TL,3,0,10,9,14,0
145.1,08:58:18,CJ_TL,3,0,10,9,14,0
145.2,08:58:18,CJ_TL,0,0,10,9,14,0
145.3,08:58:18,CJ_TL,0,0,10,9,14,0
145.4,08:58:18,CJ_TL,0,0,10,9,14,0
145.5,08:58:18,CJ_TL,0,0,10,9,14,0
145.6,08:58:18,CJ_TL,0,0,10,9,14,0
145.7,08:58:18,CJ_TL,0,0,10,9,14,0
145.8,08:58:18,CJ_TL,0,0,10,9,14,0
145.9,08:58:18,CJ_TL,0,0,10,9,14,0
146.0,08:58:18,CJ_TL,0,0,10,9,14,1
146.1,08:58:18,CJ_TL,0,0,10,9,14,0
146.2,08:58:18,CJ_TL,0,0,10,9,14,0
146.3,08:58:18,CJ_TL,1,0,10,9,13,0
146.4,08:58:18,CJ_TL,1,0,10,9,13,0
146.5,08:58:18,CJ_TL,1,0,10,9,13,0
146.6,08:58:18,CJ_TL,1,0,10,9,13,0
146.7,08:58:18,CJ_TL,1,0,10,9,13,0
146.8,08:58:18,CJ_TL,1,0,10,9,13,0
146.9,08:58:18,CJ_TL,1,0,10,9,13,0
147.0,08:58:18,CJ_TL,1,0,10,9,13,0
147.1,08:58:18,CJ_TL,1,0,10,9,13,0
147.2,08:58:18,CJ_TL,1,0,10,9,13,0
147.3,08:58:18,CJ_TL,1,0,10,9,13,0
147.4,08:58:18,CJ_TL,2,0,10,9,13,0
147.5,08:58:18,CJ_TL,2,0,10,9,13,0
147.6,08:58:18,CJ_TL,2,0,10,9,13,0
147.7,08:58:18,CJ_TL,2,0,10,9,13,1
147.8,08:58:18,CJ_TL,2,0,10,9,13,0
147.9,08:58:18,CJ_TL,2,0,10,9,13,0
148.0,08:58:18,CJ_TL,2,0,10,9,13,0
148.1,08:58:18,CJ_TL,2,0,10,9,13,0
148.2,08:58:18,CJ_TL,2,0,10,9,13,0
148.3,08:58:18,CJ_TL,2,0,10,9,13,0
148.4,08:58:18,CJ_TL,2,0,10,9,13,0
148.5,08:58:18,CJ_TL,3,0,10,9,13,0
148.6,08:58:18,CJ_TL,3,0,10,9,13,0
148.7,08:58:18,CJ_TL,3,0,10,9,13,0
148.8,08:58:18,CJ_TL,3,0,10,9,13,0
148.9,08:58:18,CJ_TL,3,0,10,9,13,1
149.0,08:58:18,CJ_TL,3,0,10,9,13,0
149.1,08:58:18,CJ_TL,3,0,10,9,13,0
149.2,08:58:18,CJ_TL,3,0,10,9,13,0
149.3,08:58:18,CJ_TL,3,0,10,9,13,0
149.4,08:58:18,CJ_TL,3,0,10,9,13,0
149.5,08:58:18,CJ_TL,3,0,10,9,13,0
149.6,08:58:18,CJ_TL,0,0,10,9,13,0
149.7,08:58:18,CJ_TL,0,0,10,9,13,0
149.8,08:58:18,CJ_TL,0,0,10,9,13,0
149.9,08:58:18,CJ_TL,0,0,10,9,13,0
150.0,08:58:18,CJ_TL,0,0,10,9,13,0
150.1,08:58:18,CJ_TL,0,0,10,9,13,0
150.2,08:58:19,CJ_TL,0,0,10,9,13,0
150.3,08:58:19,CJ_TL,0,0,10,9,13,1
150.4,08:58:19,CJ_TL,0,0,10,9,13,0
150.5,08:58:19,CJ_TL,0,0,10,8,13,0
150.6,08:58:19,CJ_TL,0,0,10,8,13,0
150.7,08:58:19,CJ_TL,1,0,10,8,13,0
150.8,08:58:19,CJ_TL,1,0,10,8,13,0
150.9,08:58:19,CJ_TL,1,0,10,8,13,0
151.0,08:58:19,CJ_TL,1,0,10,8,13,0
151.1,08:58:19,CJ_TL,1,0,10,8,13,0
151.2,08:58:19,CJ_TL,1,0,10,8,13,0
151.3,08:58:19,CJ_TL,1,0,10,8,13,0
151.4,08:58:19,CJ_TL,1,0,10,8,13,0
151.5,08:58:19,CJ_TL,1,0,10,8,13,0
151.6,08:58:19,CJ_TL,1,0,10,8,13,0
151.7,08:58:19,CJ_TL,1,0,10,8,13,0
151.8,08:58:19,CJ_TL,2,0,10,8,13,0
151.9,08:58:19,CJ_TL,2,0,10,8,13,1
152.0,08:58:19,CJ_TL,2,0,10,8,13,0
152.1,08:58:19,CJ_TL,2,0,10,8,13,0
152.2,08:58:19,CJ_TL,2,0,10,8,13,0
152.3,08:58:19,CJ_TL,2,0,10,8,13,0
152.4,08:58:19,CJ_TL,2,0,10,8,13,0
152.5,08:58:19,CJ_TL,2,0,10,8,13,0
152.6,08:58:19,CJ_TL,2,0,10,8,13,0
152.7,08:58:19,CJ_TL,2,0,10,8,13,0
152.8,08:58:19,CJ_TL,2,0,9,8,13,0
152.9,08:58:19,CJ_TL,3,0,9,8,13,0
153.0,08:58:19,CJ_TL,3,0,9,8,13,0
153.1,08:58:19,CJ_TL,3,0,9,8,13,0
153.2,08:58:19,CJ_TL,3,0,9,8,13,0
153.3,08:58:19,CJ_TL,3,0,9,8,13,0
153.4,08:58:19,CJ_TL,3,0,9,8,13,0
153.5,08:58:19,CJ_TL,3,0,9,8,13,0
153.6,08:58:19,CJ_TL,3,0,9,8,13,0
153.7,08:58:19,CJ_TL,3,0,9,8,13,0
153.8,08:58:19,CJ_TL,3,0,9,8,13,0
153.9,08:58:19,CJ_TL,3,0,9,8,13,0
154.0,08:58:19,CJ_TL,0,0,9,8,13,0
154.1,08:58:19,CJ_TL,0,0,9,8,13,0
154.2,08:58:19,CJ_TL,0,0,9,8,13,0
154.3,08:58:19,CJ_TL,0,0,9,8,13,0
154.4,08:58:19,CJ_TL,0,0,9,8,13,0
154.5,08:58:19,CJ_TL,0,0,9,8,13,0
154.6,08:58:19,CJ_TL,0,0,9,8,13,0
154.7,08:58:19,CJ_TL,0,0,9,8,13,0
154.8,08:58:19,CJ_TL,0,0,9,8,13,0
154.9,08:58:19,CJ_TL,0,0,9,8,12,0
155.0,08:58:19,CJ_TL,0,0,9,8,12,0
155.1,08:58:19,CJ_TL,1,0,9,8,12,0
155.2,08:58:19,CJ_TL,1,0,9,8,12,0
155.3,08:58:19,CJ_TL,1,0,9,8,12,0
155.4,08:58:19,CJ_TL,1,0,9,8,12,0
155.5,08:58:19,CJ_TL,1,0,9,8,12,0
155.6,08:58:19,CJ_TL,1,0,9,8,12,0
155.7,08:58:19,CJ_TL,1,0,9,8,12,0
155.8,08:58:19,CJ_TL,1,0,9,8,12,0
155.9,08:58:19,CJ_TL,1,0,9,8,12,1
156.0,08:58:19,CJ_TL,1,0,9,8,12,0
156.1,08:58:19,CJ_TL,1,0,9,8,12,0
156.2,08:58:19,CJ_TL,2,0,9,8,12,0
156.3,08:58:19,CJ_TL,2,0,9,8,12,0
156.4,08:58:19,CJ_TL,2,0,9,8,12,0
156.5,08:58:19,CJ_TL,2,0,9,8,12,0
156.6,08:58:19,CJ_TL,2,0,9,8,12,0
156.7,08:58:19,CJ_TL,2,0,9,8,12,0
156.8,08:58:19,CJ_TL,2,0,9,8,12,0
156.9,08:58:19,CJ_TL,2,0,9,8,12,0
157.0,08:58:19,CJ_TL,2,0,9,8,12,0
157.1,08:58:19,CJ_TL,2,0,8,8,12,0
157.2,08:58:19,CJ_TL,2,0,8,8,12,0
157.3,08:58:19,CJ_TL,3,0,8,8,12,1
157.4,08:58:19,CJ_TL,3,0,8,8,12,0
157.5,08:58:19,CJ_TL,3,0,8,8,12,0
157.6,08:58:19,CJ_TL,3,0,8,8,12,0
157.7,08:58:19,CJ_TL,3,0,8,8,12,0
157.8,08:58:19,CJ_TL,3,0,8,8,12,0
157.9,08:58:19,CJ_TL,3,0,8,8,12,0
158.0,08:58:19,CJ_TL,3,0,8,8,12,0
158.1,08:58:19,CJ_TL,3,0,8,8,12,0
158.2,08:58:19,CJ_TL,3,0,8,8,12,0
158.3,08:58:19,CJ_TL,3,0,8,8,12,0
158.4,08:58:19,CJ_TL,0,0,8,8,12,0
158.5,08:58:19,CJ_TL,0,0,8,8,12,1
158.6,08:58:19,CJ_TL,0,0,8,8,12,0
158.7,08:58:19,CJ_TL,0,0,8,7,12,0
158.8,08:58:19,CJ_TL,0,0,8,7,12,0
158.9,08:58:20,CJ_TL,0,0,8,7,12,0
159.0,08:58:20,CJ_TL,0,0,8,7,12,0
159.1,08:58:20,CJ_TL,0,0,8,7,12,0
159.2,08:58:20,CJ_TL,0,0,8,7,12,0
159.3,08:58:20,CJ_TL,0,0,8,7,12,0
159.4,08:58:20,CJ_TL,0,0,8,7,11,0
159.5,08:58:20,CJ_TL,1,0,8,7,11,0
159.6,08:58:20,CJ_TL,1,0,8,7,11,1
159.7,08:58:20,CJ_TL,1,0,8,7,11,0
159.8,08:58:20,CJ_TL,1,0,8,7,11,0
159.9,08:58:20,CJ_TL,1,0,8,7,11,0
160.0,08:58:20,CJ_TL,1,0,8,7,11,1
160.1,08:58:20,CJ_TL,1,0,8,7,11,0
160.2,08:58:20,CJ_TL,1,0,8,7,11,0
160.3,08:58:20,CJ_TL,1,0,8,7,11,0
160.4,08:58:20,CJ_TL,1,0,8,7,11,0
160.5,08:58:20,CJ_TL,1,0,8,7,11,0
160.6,08:58:20,CJ_TL,2,0,8,7,11,0
160.7,08:58:20,CJ_TL,2,0,8,7,11,0
160.8,08:58:20,CJ_TL,2,0,8,7,11,0
160.9,08:58:20,CJ_TL,2,0,8,7,11,0
161.0,08:58:20,CJ_TL,2,0,8,7,11,0
161.1,08:58:20,CJ_TL,2,0,8,7,11,0
161.2,08:58:20,CJ_TL,2,0,8,7,11,0
161.3,08:58:20,CJ_TL,2,0,8,7,11,0
161.4,08:58:20,CJ_TL,2,0,8,7,11,0
161.5,08:58:20,CJ_TL,2,0,8,7,11,0
161.6,08:58:20,CJ_TL,2,0,7,7,11,0
161.7,08:58:20,CJ_TL,3,0,7,7,11,0
161.8,08:58:20,CJ_TL,3,0,7,7,11,0
161.9,08:58:20,CJ_TL,3,0,7,7,11,0
162.0,08:58:20,CJ_TL,3,0,7,7,11,0
162.1,08:58:20,CJ_TL,3,0,7,7,11,0
162.2,08:58:20,CJ_TL,3,0,7,7,11,0
162.3,08:58:20,CJ_TL,3,0,7,7,11,0
162.4,08:58:20,CJ_TL,3,0,7,7,11,0
162.5,08:58:20,CJ_TL,3,0,7,7,11,0
162.6,08:58:20,CJ_TL,3,0,7,7,11,0
162.7,08:58:20,CJ_TL,3,0,7,7,11,0
162.8,08:58:20,CJ_TL,0,0,7,7,11,0
162.9,08:58:20,CJ_TL,0,0,7,7,11,0
163.0,08:58:20,CJ_TL,0,0,7,7,11,0
163.1,08:58:20,CJ_TL,0,0,7,7,11,0
163.2,08:58:20,CJ_TL,0,0,7,7,11,0
163.3,08:58:20,CJ_TL,0,0,7,7,11,0
163.4,08:58:20,CJ_TL,0,0,7,7,10,1
163.5,08:58:20,CJ_TL,0,0,7,7,10,0
163.6,08:58:20,CJ_TL,0,0,7,7,10,0
163.7,08:58:20,CJ_TL,0,0,7,7,10,0
163.8,08:58:20,CJ_TL,0,0,7,7,10,0
163.9,08:58:20,CJ_TL,1,0,7,7,10,0
164.0,08:58:20,CJ_TL,1,0,7,7,10,0
164.1,08:58:20,CJ_TL,1,0,7,7,10,0
164.2,08:58:20,CJ_TL,1,0,7,7,10,0
164.3,08:58:20,CJ_TL,1,0,7,7,10,0
164.4,08:58:20,CJ_TL,1,0,7,7,10,0
164.5,08:58:20,CJ_TL,1,0,7,7,10,0
164.6,08:58:20,CJ_TL,1,0,7,7,10,0
164.7,08:58:20,CJ_TL,1,0,7,7,10,0
164.8,08:58:20,CJ_TL,1,0,7,7,10,0
164.9,08:58:20,CJ_TL,1,0,7,7,10,0
165.0,08:58:20,CJ_TL,2,0,7,7,10,0
165.1,08:58:20,CJ_TL,2,0,7,7,10,0
165.2,08:58:20,CJ_TL,2,0,7,7,10,0
165.3,08:58:20,CJ_TL,2,0,7,7,10,0
165.4,08:58:20,CJ_TL,2,0,7,7,10,0
165.5,08:58:20,CJ_TL,2,0,7,7,10,0
165.6,08:58:20,CJ_TL,2,0,7,7,10,0
165.7,08:58:20,CJ_TL,2,0,7,7,10,0
165.8,08:58:20,CJ_TL,2,0,7,7,10,0
165.9,08:58:20,CJ_TL,2,0,7,7,10,0
166.0,08:58:20,CJ_TL,2,0,7,7,10,1
166.1,08:58:20,CJ_TL,3,0,7,7,10,0
166.2,08:58:20,CJ_TL,3,0,7,7,10,0
166.3,08:58:20,CJ_TL,3,0,6,7,10,0
166.4,08:58:20,CJ_TL,3,0,6,7,10,0
166.5,08:58:20,CJ_TL,3,0,6,7,10,0
166.6,08:58:20,CJ_TL,3,0,6,7,10,0
166.7,08:58:20,CJ_TL,3,0,6,7,10,0
166.8,08:58:20,CJ_TL,3,0,6,7,10,0
166.9,08:58:20,CJ_TL,3,0,6,7,10,0
167.0,08:58:20,CJ_TL,3,0,6,7,10,0
167.1,08:58:20,CJ_TL,3,0,6,7,10,0
167.2,08:58:20,CJ_TL,0,0,6,7,10,0
167.3,08:58:20,CJ_TL,0,0,6,7,10,0
167.4,08:58:20,CJ_TL,0,0,6,7,10,0
167.5,08:58:20,CJ_TL,0,0,6,6,10,0
167.6,08:58:20,CJ_TL,0,0,6,6,10,0
167.7,08:58:20,CJ_TL,0,0,6,6,10,0
167.8,08:58:20,CJ_TL,0,0,6,6,10,0
167.9,08:58:20,CJ_TL,0,0,6,6,10,0
168.0,08:58:20,CJ_TL,0,0,6,6,10,0
168.1,08:58:20,CJ_TL,0,0,6,6,9,0
168.2,08:58:20,CJ_TL,0,0,6,6,9,0
168.3,08:58:20,CJ_TL,1,0,6,6,9,0
168.4,08:58:21,CJ_TL,1,0,6,6,9,0
168.5,08:58:21,CJ_TL,1,0,6,6,9,0
168.6,08:58:21,CJ_TL,1,0,6,6,9,0
168.7,08:58:21,CJ_TL,1,0,6,6,9,0
168.8,08:58:21,CJ_TL,1,0,6,6,9,0
168.9,08:58:21,CJ_TL,1,0,6,6,9,0
169.0,08:58:21,CJ_TL,1,0,6,6,9,0
169.1,08:58:21,CJ_TL,1,0,6,6,9,0
169.2,08:58:21,CJ_TL,1,0,6,6,9,0
169.3,08:58:21,CJ_TL,1,0,6,6,9,0
169.4,08:58:21,CJ_TL,2,0,6,6,9,1
169.5,08:58:21,CJ_TL,2,0,6,6,9,0
169.6,08:58:21,CJ_TL,2,0,6,6,9,0
169.7,08:58:21,CJ_TL,2,0,6,6,9,0
169.8,08:58:21,CJ_TL,2,0,6,6,9,0
169.9,08:58:21,CJ_TL,2,0,6,6,9,0
170.0,08:58:21,CJ_TL,2,0,6,6,9,0
170.1,08:58:21,CJ_TL,2,0,6,6,9,0
170.2,08:58:21,CJ_TL,2,0,6,6,9,0
170.3,08:58:21,CJ_TL,2,0,5,6,9,0
170.4,08:58:21,CJ_TL,2,0,5,6,9,0
170.5,08:58:21,CJ_TL,3,0,5,6,9,0
170.6,08:58:21,CJ_TL,3,0,5,6,9,0
170.7,08:58:21,CJ_TL,3,0,5,6,9,0
170.8,08:58:21,CJ_TL,3,0,5,6,9,0
170.9,08:58:21,CJ_TL,3,0,5,6,9,0
171.0,08:58:21,CJ_TL,3,0,5,6,9,0
171.1,08:58:21,CJ_TL,3,0,5,6,9,0
171.2,08:58:21,CJ_TL,3,0,5,6,9,1
171.3,08:58:21,CJ_TL,3,0,5,6,9,0
171.4,08:58:21,CJ_TL,3,0,5,6,9,0
171.5,08:58:21,CJ_TL,3,0,5,6,9,0
171.6,08:58:21,CJ_TL,0,0,5,6,9,0
171.7,08:58:21,CJ_TL,0,0,5,6,9,0
171.8,08:58:21,CJ_TL,0,0,5,6,9,0
171.9,08:58:21,CJ_TL,0,0,5,6,9,0
172.0,08:58:21,CJ_TL,0,0,5,6,9,0
172.1,08:58:21,CJ_TL,0,0,5,6,9,0
172.2,08:58:21,CJ_TL,0,0,5,6,9,0
172.3,08:58:21,CJ_TL,0,0,5,6,9,0
172.4,08:58:21,CJ_TL,0,0,5,6,9,0
172.5,08:58:21,CJ_TL,0,0,5,5,9,0
172.6,08:58:21,CJ_TL,0,0,5,5,8,0
172.7,08:58:21,CJ_TL,1,0,5,5,8,0
172.8,08:58:21,CJ_TL,1,0,5,5,8,0
172.9,08:58:21,CJ_TL,1,0,5,5,8,0
173.0,08:58:21,CJ_TL,1,0,5,5,8,0
173.1,08:58:21,CJ_TL,1,0,5,5,8,0
173.2,08:58:21,CJ_TL,1,0,5,5,8,0
173.3,08:58:21,CJ_TL,1,0,5,5,8,0
173.4,08:58:21,CJ_TL,1,0,5,5,8,0
173.5,08:58:21,CJ_TL,1,0,5,5,8,0
173.6,08:58:21,CJ_TL,1,0,5,5,8,1
173.7,08:58:21,CJ_TL,1,0,5,5,8,0
173.8,08:58:21,CJ_TL,2,0,5,5,8,0
173.9,08:58:21,CJ_TL,2,0,5,5,8,0
174.0,08:58:21,CJ_TL,2,0,5,5,8,1
174.1,08:58:21,CJ_TL,2,0,5,5,8,2
174.2,08:58:21,CJ_TL,2,0,5,5,8,0
174.3,08:58:21,CJ_TL,2,0,5,5,8,0
174.4,08:58:21,CJ_TL,2,0,5,5,8,0
174.5,08:58:21,CJ_TL,2,0,5,5,8,0
174.6,08:58:21,CJ_TL,2,0,5,5,8,0
174.7,08:58:21,CJ_TL,2,0,4,5,8,0
174.8,08:58:21,CJ_TL,2,0,4,5,8,0
174.9,08:58:21,CJ_TL,3,0,4,5,8,0
175.0,08:58:21,CJ_TL,3,0,4,5,8,0
175.1,08:58:21,CJ_TL,3,0,4,5,8,0
175.2,08:58:21,CJ_TL,3,0,4,5,8,0
175.3,08:58:21,CJ_TL,3,0,4,5,8,0
175.4,08:58:21,CJ_TL,3,0,4,5,8,0
175.5,08:58:21,CJ_TL,3,0,4,5,8,0
175.6,08:58:21,CJ_TL,3,0,4,5,8,0
175.7,08:58:21,CJ_TL,3,0,4,5,8,0
175.8,08:58:21,CJ_TL,3,0,4,5,8,0
175.9,08:58:21,CJ_TL,3,0,4,5,8,0
176.0,08:58:21,CJ_TL,0,0,4,5,8,0
176.1,08:58:21,CJ_TL,0,0,4,5,8,0
176.2,08:58:21,CJ_TL,0,0,4,5,8,0
176.3,08:58:21,CJ_TL,0,0,4,5,8,0
176.4,08:58:21,CJ_TL,0,0,4,5,8,0
176.5,08:58:21,CJ_TL,0,0,4,5,8,0
176.6,08:58:21,CJ_TL,0,0,4,5,8,0
176.7,08:58:21,CJ_TL,0,0,4,5,8,0
176.8,08:58:21,CJ_TL,0,0,4,5,8,0
176.9,08:58:21,CJ_TL,0,0,4,4,7,0
177.0,08:58:21,CJ_TL,0,0,4,4,7,0
177.1,08:58:21,CJ_TL,1,0,4,4,7,0
177.2,08:58:21,CJ_TL,1,0,4,4,7,0
177.3,08:58:21,CJ_TL,1,0,4,4,7,0
177.4,08:58:21,CJ_TL,1,0,4,4,7,0
177.5,08:58:21,CJ_TL,1,0,4,4,7,0
177.6,08:58:21,CJ_TL,1,0,4,4,7,1
177.7,08:58:22,CJ_TL,1,0,4,4,7,0
177.8,08:58:22,CJ_TL,1,0,4,4,7,0
177.9,08:58:22,CJ_TL,1,0,4,4,7,0
178.0,08:58:22,CJ_TL,1,0,4,4,7,0
178.1,08:58:22,CJ_TL,1,0,4,4,7,0
178.2,08:58:22,CJ_TL,2,0,4,4,7,0
178.3,08:58:22,CJ_TL,2,0,4,4,7,0
178.4,08:58:22,CJ_TL,2,0,4,4,7,0
178.5,08:58:22,CJ_TL,2,0,4,4,7,0
178.6,08:58:22,CJ_TL,2,0,4,4,7,0
178.7,08:58:22,CJ_TL,2,0,4,4,7,0
178.8,08:58:22,CJ_TL,2,0,4,4,7,0
178.9,08:58:22,CJ_TL,2,0,4,4,7,1
179.0,08:58:22,CJ_TL,2,0,4,4,7,0
179.1,08:58:22,CJ_TL,2,0,3,4,7,0
179.2,08:58:22,CJ_TL,2,0,3,4,7,0
179.3,08:58:22,CJ_TL,3,0,3,4,7,0
179.4,08:58:22,CJ_TL,3,0,3,4,7,0
179.5,08:58:22,CJ_TL,3,0,3,4,7,0
179.6,08:58:22,CJ_TL,3,0,3,4,7,0
179.7,08:58:22,CJ_TL,3,0,3,4,7,0
179.8,08:58:22,CJ_TL,3,0,3,4,7,0
179.9,08:58:22,CJ_TL,3,0,3,4,7,0
180.0,08:58:22,CJ_TL,3,0,3,4,7,1
180.1,08:58:22,CJ_TL,3,0,3,4,7,0
180.2,08:58:22,CJ_TL,3,0,3,4,7,0
180.3,08:58:22,CJ_TL,3,0,3,4,7,0
180.4,08:58:22,CJ_TL,0,0,3,4,7,0
180.5,08:58:22,CJ_TL,0,0,3,4,7,0
180.6,08:58:22,CJ_TL,0,0,3,4,7,0
180.7,08:58:22,CJ_TL,0,0,3,4,7,0
180.8,08:58:22,CJ_TL,0,0,3,4,7,0
180.9,08:58:22,CJ_TL,0,0,3,4,7,0
181.0,08:58:22,CJ_TL,0,0,3,4,7,0
181.1,08:58:22,CJ_TL,0,0,3,4,7,0
181.2,08:58:22,CJ_TL,0,0,3,4,7,0
181.3,08:58:22,CJ_TL,0,0,3,3,6,0
181.4,08:58:22,CJ_TL,0,0,3,3,6,0
181.5,08:58:22,CJ_TL,1,0,3,3,6,0
181.6,08:58:22,CJ_TL,1,0,3,3,6,0
181.7,08:58:22,CJ_TL,1,0,3,3,6,0
181.8,08:58:22,CJ_TL,1,0,3,3,6,0
181.9,08:58:22,CJ_TL,1,0,3,3,6,0
182.0,08:58:22,CJ_TL,1,0,3,3,6,0
182.1,08:58:22,CJ_TL,1,0,3,3,6,0
182.2,08:58:22,CJ_TL,1,0,3,3,6,0
182.3,08:58:22,CJ_TL,1,0,3,3,6,0
182.4,08:58:22,CJ_TL,1,0,3,3,6,0
182.5,08:58:22,CJ_TL,1,0,3,3,6,0
182.6,08:58:22,CJ_TL,2,0,3,3,6,0
182.7,08:58:22,CJ_TL,2,0,3,3,6,0
182.8,08:58:22,CJ_TL,2,0,3,3,6,0
182.9,08:58:22,CJ_TL,2,0,3,3,6,0
183.0,08:58:22,CJ_TL,2,0,3,3,6,0
183.1,08:58:22,CJ_TL,2,0,3,3,6,0
183.2,08:58:22,CJ_TL,2,0,3,3,6,0
183.3,08:58:22,CJ_TL,2,0,3,3,6,0
183.4,08:58:22,CJ_TL,2,0,3,3,6,0
183.5,08:58:22,CJ_TL,2,0,2,3,6,0
183.6,08:58:22,CJ_TL,2,0,2,3,6,0
183.7,08:58:22,CJ_TL,3,0,2,3,6,0
183.8,08:58:22,CJ_TL,3,0,2,3,6,0
183.9,08:58:22,CJ_TL,3,0,2,3,6,0
184.0,08:58:22,CJ_TL,3,0,2,3,6,0
184.1,08:58:22,CJ_TL,3,0,2,3,6,0
184.2,08:58:22,CJ_TL,3,0,2,3,6,0
184.3,08:58:22,CJ_TL,3,0,2,3,6,0
184.4,08:58:22,CJ_TL,3,0,2,3,6,0
184.5,08:58:22,CJ_TL,3,0,2,3,6,0
184.6,08:58:22,CJ_TL,3,0,2,3,6,0
184.7,08:58:22,CJ_TL,3,0,2,3,6,0
184.8,08:58:22,CJ_TL,0,0,2,3,6,0
184.9,08:58:23,CJ_TL,0,0,2,3,6,0
185.0,08:58:23,CJ_TL,0,0,2,3,6,0
185.1,08:58:23,CJ_TL,0,0,2,3,6,0
185.2,08:58:23,CJ_TL,0,0,2,3,6,0
185.3,08:58:23,CJ_TL,0,0,2,3,6,0
185.4,08:58:23,CJ_TL,0,0,2,3,6,0
185.5,08:58:23,CJ_TL,0,0,2,3,6,0
185.6,08:58:23,CJ_TL,0,0,2,3,6,0
185.7,08:58:23,CJ_TL,0,0,2,2,5,1
185.8,08:58:23,CJ_TL,0,0,2,2,5,0
185.9,08:58:23,CJ_TL,1,0,2,2,5,0
186.0,08:58:23,CJ_TL,1,0,2,2,5,0
186.1,08:58:23,CJ_TL,1,0,2,2,5,0
186.2,08:58:23,CJ_TL,1,0,2,2,5,0
186.3,08:58:23,CJ_TL,1,0,2,2,5,0
186.4,08:58:23,CJ_TL,1,0,2,2,5,0
186.5,08:58:23,CJ_TL,1,0,2,2,5,1
186.6,08:58:23,CJ_TL,1,0,2,2,5,0
186.7,08:58:23,CJ_TL,1,0,2,2,5,0
186.8,08:58:23,CJ_TL,1,0,2,2,5,1
186.9,08:58:23,CJ_TL,1,0,2,2,5,0
187.0,08:58:23,CJ_TL,2,0,2,2,5,0
187.1,08:58:23,CJ_TL,2,0,2,2,5,1
187.2,08:58:23,CJ_TL,2,0,2,2,5,0
187.3,08:58:23,CJ_TL,2,0,2,2,5,0
187.4,08:58:23,CJ_TL,2,0,2,2,5,0
187.5,08:58:23,CJ_TL,2,0,2,2,5,0
187.6,08:58:23,CJ_TL,2,0,2,2,5,0
187.7,08:58:23,CJ_TL,2,0,2,2,5,1
187.8,08:58:23,CJ_TL,2,0,2,2,5,0
187.9,08:58:23,CJ_TL,2,0,2,2,5,0
188.0,08:58:23,CJ_TL,2,0,1,2,5,0
188.1,08:58:23,CJ_TL,3,0,1,2,5,0
188.2,08:58:23,CJ_TL,3,0,1,2,5,0
188.3,08:58:23,CJ_TL,3,0,1,2,5,0
188.4,08:58:23,CJ_TL,3,0,1,2,5,0
188.5,08:58:23,CJ_TL,3,0,1,2,5,0
188.6,08:58:23,CJ_TL,3,0,1,2,5,0
188.7,08:58:23,CJ_TL,3,0,1,2,5,0
188.8,08:58:23,CJ_TL,3,0,1,2,5,0
188.9,08:58:23,CJ_TL,3,0,1,2,5,0
189.0,08:58:23,CJ_TL,3,0,1,2,5,0
189.1,08:58:23,CJ_TL,3,0,1,2,5,0
189.2,08:58:23,CJ_TL,0,0,1,2,5,0
189.3,08:58:23,CJ_TL,0,0,1,2,5,0
189.4,08:58:23,CJ_TL,0,0,1,2,5,0
189.5,08:58:23,CJ_TL,0,0,1,2,5,0
189.6,08:58:23,CJ_TL,0,0,1,2,5,1
189.7,08:58:23,CJ_TL,0,0,1,2,5,0
189.8,08:58:23,CJ_TL,0,0,1,2,5,0
189.9,08:58:23,CJ_TL,0,0,1,2,5,0
190.0,08:58:23,CJ_TL,0,0,1,2,5,0
190.1,08:58:23,CJ_TL,0,0,1,2,5,0
190.2,08:58:23,CJ_TL,0,0,1,1,4,0
190.3,08:58:23,CJ_TL,1,0,1,1,4,0
190.4,08:58:23,CJ_TL,1,0,1,1,4,0
190.5,08:58:23,CJ_TL,1,0,1,1,4,0
190.6,08:58:23,CJ_TL,1,0,1,1,4,0
190.7,08:58:23,CJ_TL,1,0,1,1,4,0
190.8,08:58:23,CJ_TL,1,0,1,1,4,0
190.9,08:58:24,CJ_TL,1,0,1,1,4,0
191.0,08:58:24,CJ_TL,1,0,1,1,4,0
191.1,08:58:24,CJ_TL,1,0,1,1,4,1
191.2,08:58:24,CJ_TL,1,0,1,1,4,0
191.3,08:58:24,CJ_TL,1,0,1,1,4,0
191.4,08:58:24,CJ_TL,2,0,1,1,4,0
191.5,08:58:24,CJ_TL,2,0,1,1,4,0
191.6,08:58:24,CJ_TL,2,0,1,1,4,0
191.7,08:58:24,CJ_TL,2,0,1,1,4,0
191.8,08:58:24,CJ_TL,2,0,1,1,4,0
191.9,08:58:24,CJ_TL,2,0,1,1,4,0
192.0,08:58:24,CJ_TL,2,0,0,1,4,0
192.1,08:58:24,CJ_TL,2,0,0,1,4,0
192.2,08:58:24,CJ_TL,2,0,0,1,4,1
192.3,08:58:24,CJ_TL,2,0,0,1,4,0
192.4,08:58:24,CJ_TL,2,0,0,1,4,0
192.5,08:58:24,CJ_TL,3,0,0,1,4,0
192.6,08:58:24,CJ_TL,3,0,0,1,4,0
192.7,08:58:24,CJ_TL,3,0,0,1,4,0
192.8,08:58:24,CJ_TL,3,0,0,1,4,0
192.9,08:58:24,CJ_TL,3,0,0,1,4,0
193.0,08:58:24,CJ_TL,3,0,0,1,4,0
193.1,08:58:24,CJ_TL,3,0,0,1,4,0
193.2,08:58:24,CJ_TL,3,0,0,1,4,0
193.3,08:58:24,CJ_TL,3,0,0,1,4,0
193.4,08:58:24,CJ_TL,3,0,0,1,4,0
193.5,08:58:24,CJ_TL,3,0,0,1,4,0
193.6,08:58:24,CJ_TL,0,0,0,1,4,0
193.7,08:58:24,CJ_TL,0,0,0,1,4,0
193.8,08:58:24,CJ_TL,0,0,0,1,4,0
193.9,08:58:24,CJ_TL,0,0,0,1,4,0
194.0,08:58:24,CJ_TL,0,0,0,1,4,0
194.1,08:58:24,CJ_TL,0,0,0,1,4,0
194.2,08:58:24,CJ_TL,0,0,0,1,4,0
194.3,08:58:24,CJ_TL,0,0,0,1,4,1
194.4,08:58:24,CJ_TL,0,0,0,1,3,0
194.5,08:58:24,CJ_TL,0,0,0,1,3,0
194.6,08:58:24,CJ_TL,0,0,0,1,3,0
194.7,08:58:24,CJ_TL,1,0,0,1,3,0
194.8,08:58:24,CJ_TL,1,0,0,1,3,0
194.9,08:58:24,CJ_TL,1,0,0,1,3,0
195.0,08:58:24,CJ_TL,1,0,0,1,3,0
195.1,08:58:24,CJ_TL,1,0,0,1,3,0
195.2,08:58:24,CJ_TL,1,0,0,1,3,0
195.3,08:58:24,CJ_TL,1,0,0,1,3,0
195.4,08:58:24,CJ_TL,1,0,0,1,3,0
195.5,08:58:24,CJ_TL,1,0,0,1,3,0
195.6,08:58:24,CJ_TL,1,0,0,1,3,0
195.7,08:58:24,CJ_TL,1,0,0,1,3,0
195.8,08:58:24,CJ_TL,2,0,0,1,3,0
195.9,08:58:24,CJ_TL,2,0,0,1,3,0
196.0,08:58:24,CJ_TL,2,0,0,1,3,0
196.1,08:58:24,CJ_TL,2,0,0,1,3,0
196.2,08:58:24,CJ_TL,2,0,0,1,3,0
196.3,08:58:24,CJ_TL,2,0,0,1,3,0
196.4,08:58:24,CJ_TL,2,0,0,1,3,0
196.5,08:58:24,CJ_TL,2,0,0,1,3,0
196.6,08:58:24,CJ_TL,2,0,0,1,3,0
196.7,08:58:24,CJ_TL,2,0,0,1,3,0
196.8,08:58:24,CJ_TL,2,0,0,1,3,0
196.9,08:58:24,CJ_TL,3,0,0,1,3,0
197.0,08:58:24,CJ_TL,3,0,0,1,3,0
197.1,08:58:24,CJ_TL,3,0,0,1,3,0
197.2,08:58:24,CJ_TL,3,0,0,1,3,0
197.3,08:58:24,CJ_TL,3,0,0,1,3,0
197.4,08:58:24,CJ_TL,3,0,0,1,3,0
197.5,08:58:24,CJ_TL,3,0,0,1,3,0
197.6,08:58:24,CJ_TL,3,0,0,1,3,0
197.7,08:58:24,CJ_TL,3,0,0,1,3,0
197.8,08:58:24,CJ_TL,3,0,0,1,3,0
197.9,08:58:24,CJ_TL,3,0,0,1,3,0
198.0,08:58:25,CJ_TL,0,0,0,1,3,0
198.1,08:58:25,CJ_TL,0,0,0,1,3,0
198.2,08:58:25,CJ_TL,0,0,0,1,3,0
198.3,08:58:25,CJ_TL,0,0,0,1,3,0
198.4,08:58:25,CJ_TL,0,0,0,1,3,0
198.5,08:58:25,CJ_TL,0,0,0,1,3,0
198.6,08:58:25,CJ_TL,0,0,0,1,3,1
198.7,08:58:25,CJ_TL,0,0,0,1,3,0
198.8,08:58:25,CJ_TL,0,0,0,1,3,0
198.9,08:58:25,CJ_TL,0,0,0,1,2,1
199.0,08:58:25,CJ_TL,0,0,0,1,2,0
199.1,08:58:25,CJ_TL,1,0,0,1,2,0
199.2,08:58:25,CJ_TL,1,0,0,1,2,0
199.3,08:58:25,CJ_TL,1,0,0,1,2,0
199.4,08:58:25,CJ_TL,1,0,0,1,2,0
199.5,08:58:25,CJ_TL,1,0,0,1,2,0
199.6,08:58:25,CJ_TL,1,0,0,1,2,0
199.7,08:58:25,CJ_TL,1,0,0,1,2,1
199.8,08:58:25,CJ_TL,1,0,0,1,2,0
199.9,08:58:25,CJ_TL,1,0,0,1,2,0
200.0,08:58:25,CJ_TL,1,0,0,1,2,0
200.1,08:58:25,CJ_TL,1,0,0,1,2,0
200.2,08:58:25,CJ_TL,2,0,0,1,2,0
200.3,08:58:25,CJ_TL,2,0,0,1,2,0
200.4,08:58:25,CJ_TL,2,0,0,1,2,0
200.5,08:58:25,CJ_TL,2,0,0,1,2,0
200.6,08:58:25,CJ_TL,2,0,0,1,2,0
200.7,08:58:25,CJ_TL,2,0,0,1,2,0
200.8,08:58:25,CJ_TL,2,0,0,1,2,0
200.9,08:58:25,CJ_TL,2,0,0,1,2,0
201.0,08:58:25,CJ_TL,2,0,0,1,2,0
201.1,08:58:25,CJ_TL,2,0,0,1,2,0
201.2,08:58:25,CJ_TL,2,0,0,1,2,0
201.3,08:58:25,CJ_TL,3,0,0,1,2,0
201.4,08:58:25,CJ_TL,3,0,0,1,2,0
201.5,08:58:25,CJ_TL,3,0,0,1,2,0
201.6,08:58:25,CJ_TL,3,0,0,1,2,0
201.7,08:58:25,CJ_TL,3,0,0,1,2,0
201.8,08:58:25,CJ_TL,3,0,0,1,2,0
201.9,08:58:25,CJ_TL,3,0,0,1,2,0
202.0,08:58:25,CJ_TL,3,0,0,1,2,0
202.1,08:58:25,CJ_TL,3,0,0,1,2,0
202.2,08:58:25,CJ_TL,3,0,0,1,2,1
202.3,08:58:25,CJ_TL,3,0,0,1,2,0
202.4,08:58:25,CJ_TL,0,0,0,1,2,0
202.5,08:58:25,CJ_TL,0,0,0,1,2,0
202.6,08:58:25,CJ_TL,0,0,0,0,2,0
202.7,08:58:25,CJ_TL,0,0,0,0,2,0
202.8,08:58:25,CJ_TL,0,0,0,0,2,0
202.9,08:58:25,CJ_TL,0,0,0,0,2,0
203.0,08:58:25,CJ_TL,0,0,0,0,2,0
203.1,08:58:25,CJ_TL,0,0,0,0,2,0
203.2,08:58:25,CJ_TL,0,0,0,0,2,0
203.3,08:58:25,CJ_TL,0,0,0,0,1,0
203.4,08:58:25,CJ_TL,0,0,0,0,1,0
203.5,08:58:25,CJ_TL,1,0,0,0,1,0
203.6,08:58:25,CJ_TL,1,0,0,0,1,0
203.7,08:58:25,CJ_TL,1,0,0,0,1,0
203.8,08:58:25,CJ_TL,1,0,0,0,1,0
203.9,08:58:25,CJ_TL,1,0,0,0,1,0
204.0,08:58:25,CJ_TL,1,0,0,0,1,0
204.1,08:58:25,CJ_TL,1,0,0,0,1,0
204.2,08:58:25,CJ_TL,1,0,0,0,1,0
204.3,08:58:25,CJ_TL,1,0,0,0,1,0
204.4,08:58:25,CJ_TL,1,0,0,0,1,0
204.5,08:58:25,CJ_TL,1,0,0,0,1,0
204.6,08:58:25,CJ_TL,2,0,0,0,1,0
204.7,08:58:25,CJ_TL,2,0,0,0,1,0
204.8,08:58:25,CJ_TL,2,0,0,0,1,0
204.9,08:58:25,CJ_TL,2,0,0,0,1,0
205.0,08:58:25,CJ_TL,2,0,0,0,1,0
205.1,08:58:25,CJ_TL,2,0,0,0,1,1
205.2,08:58:25,CJ_TL,2,0,0,0,1,0
205.3,08:58:25,CJ_TL,2,0,0,0,1,0
205.4,08:58:25,CJ_TL,2,0,0,0,1,0
205.5,08:58:25,CJ_TL,2,0,0,0,1,0
205.6,08:58:25,CJ_TL,2,0,0,0,1,0
205.7,08:58:25,CJ_TL,3,0,0,0,1,0
205.8,08:58:25,CJ_TL,3,0,0,0,1,0
205.9,08:58:25,CJ_TL,3,0,0,0,1,0
206.0,08:58:25,CJ_TL,3,0,0,0,1,0
206.1,08:58:25,CJ_TL,3,0,0,0,1,0
206.2,08:58:25,CJ_TL,3,0,0,0,1,0
206.3,08:58:25,CJ_TL,3,0,0,0,1,0
206.4,08:58:25,CJ_TL,3,0,0,0,1,0
206.5,08:58:26,CJ_TL,3,0,0,0,1,0
206.6,08:58:26,CJ_TL,3,0,0,0,1,0
206.7,08:58:26,CJ_TL,3,0,0,0,1,0
206.8,08:58:26,CJ_TL,0,0,0,0,1,0
206.9,08:58:26,CJ_TL,0,0,0,0,1,0
207.0,08:58:26,CJ_TL,0,0,0,0,1,0
207.1,08:58:26,CJ_TL,0,0,0,0,1,0
207.2,08:58:26,CJ_TL,0,0,0,0,1,0
207.3,08:58:26,CJ_TL,0,0,0,0,1,0
207.4,08:58:26,CJ_TL,0,0,0,0,1,0
207.5,08:58:26,CJ_TL,0,0,0,0,1,0
207.6,08:58:26,CJ_TL,0,0,0,0,1,0
207.7,08:58:26,CJ_TL,0,0,0,0,0,0
207.8,08:58:26,CJ_TL,0,0,0,0,0,0
207.9,08:58:26,CJ_TL,1,0,0,0,0,0
208.0,08:58:26,CJ_TL,1,0,0,0,0,0
208.1,08:58:26,CJ_TL,1,0,0,0,0,0
208.2,08:58:26,CJ_TL,1,0,0,0,0,0
208.3,08:58:26,CJ_TL,1,0,0,0,0,0
208.4,08:58:26,CJ_TL,1,0,0,0,0,0
208.5,08:58:26,CJ_TL,1,0,0,0,0,1
208.6,08:58:26,CJ_TL,1,0,0,0,0,0
208.7,08:58:26,CJ_TL,1,0,0,0,0,0
208.8,08:58:26,CJ_TL,1,0,0,0,0,0
208.9,08:58:26,CJ_TL,1,0,0,0,0,0
209.0,08:58:26,CJ_TL,2,0,0,0,0,0
209.1,08:58:26,CJ_TL,2,0,0,0,0,0
209.2,08:58:26,CJ_TL,2,0,0,0,0,1
209.3,08:58:26,CJ_TL,2,0,0,0,0,0
209.4,08:58:26,CJ_TL,2,0,0,0,0,0
209.5,08:58:26,CJ_TL,2,0,0,0,0,0
209.6,08:58:26,CJ_TL,2,0,0,0,0,0
209.7,08:58:26,CJ_TL,2,0,0,0,0,0
209.8,08:58:26,CJ_TL,2,0,0,0,0,0
209.9,08:58:26,CJ_TL,2,0,0,0,0,0
210.0,08:58:26,CJ_TL,2,0,0,0,0,1
210.1,08:58:26,CJ_TL,3,0,0,0,0,0
210.2,08:58:26,CJ_TL,3,0,0,0,0,0
210.3,08:58:26,CJ_TL,3,0,0,0,0,0
210.4,08:58:26,CJ_TL,3,0,0,0,0,0
210.5,08:58:26,CJ_TL,3,0,0,0,0,0
210.6,08:58:26,CJ_TL,3,0,0,0,0,0
210.7,08:58:26,CJ_TL,3,0,0,0,0,0
210.8,08:58:26,CJ_TL,3,0,0,0,0,0
210.9,08:58:26,CJ_TL,3,0,0,0,0,0
211.0,08:58:26,CJ_TL,3,0,0,0,0,0
211.1,08:58:26,CJ_TL,3,0,0,0,0,0
211.2,08:58:26,CJ_TL,0,0,0,0,0,0
211.3,08:58:26,CJ_TL,0,0,0,0,0,0
211.4,08:58:26,CJ_TL,0,0,0,0,0,0
211.5,08:58:26,CJ_TL,0,0,0,0,0,0
211.6,08:58:26,CJ_TL,0,0,0,0,0,0
211.7,08:58:26,CJ_TL,0,0,0,0,0,0
211.8,08:58:26,CJ_TL,0,0,0,0,0,0
211.9,08:58:26,CJ_TL,0,0,0,0,0,0
212.0,08:58:26,CJ_TL,0,0,0,0,0,0
212.1,08:58:26,CJ_TL,0,0,0,0,0,0
212.2,08:58:26,CJ_TL,0,0,0,0,0,0
212.3,08:58:26,CJ_TL,1,0,0,0,0,0
212.4,08:58:26,CJ_TL,1,0,0,0,0,0
212.5,08:58:26,CJ_TL,1,0,0,0,0,0
212.6,08:58:26,CJ_TL,1,0,0,0,0,0
212.7,08:58:26,CJ_TL,1,0,0,0,0,0
212.8,08:58:26,CJ_TL,1,0,0,0,0,0
212.9,08:58:26,CJ_TL,1,0,0,0,0,0
213.0,08:58:26,CJ_TL,1,0,0,0,0,0
213.1,08:58:26,CJ_TL,1,0,0,0,0,0
213.2,08:58:26,CJ_TL,1,0,0,0,0,0
213.3,08:58:26,CJ_TL,1,0,0,0,0,0
213.4,08:58:26,CJ_TL,2,0,0,0,0,0
213.5,08:58:26,CJ_TL,2,0,0,0,0,0
213.6,08:58:26,CJ_TL,2,0,0,0,0,0
213.7,08:58:26,CJ_TL,2,0,0,0,0,0
213.8,08:58:26,CJ_TL,2,0,0,0,0,0
213.9,08:58:26,CJ_TL,2,0,0,0,0,0
214.0,08:58:26,CJ_TL,2,0,0,0,0,0
214.1,08:58:26,CJ_TL,2,0,0,0,0,0
214.2,08:58:26,CJ_TL,2,0,0,0,0,0
214.3,08:58:27,CJ_TL,2,0,0,0,0,0
214.4,08:58:27,CJ_TL,2,0,0,0,0,0
214.5,08:58:27,CJ_TL,3,0,0,0,0,1
214.6,08:58:27,CJ_TL,3,0,0,0,0,0
214.7,08:58:27,CJ_TL,3,0,0,0,0,0
214.8,08:58:27,CJ_TL,3,0,0,0,0,0
214.9,08:58:27,CJ_TL,3,0,0,0,0,0
215.0,08:58:27,CJ_TL,3,0,0,0,0,1
215.1,08:58:27,CJ_TL,3,0,0,0,0,0
215.2,08:58:27,CJ_TL,3,0,0,0,0,0
215.3,08:58:27,CJ_TL,3,0,0,0,0,0
215.4,08:58:27,CJ_TL,3,0,0,0,0,0
215.5,08:58:27,CJ_TL,3,0,0,0,0,0
215.6,08:58:27,CJ_TL,0,0,0,0,0,0
215.7,08:58:27,CJ_TL,0,0,0,0,0,0
215.8,08:58:27,CJ_TL,0,0,0,0,0,0
215.9,08:58:27,CJ_TL,0,0,0,0,0,0
216.0,08:58:27,CJ_TL,0,0,0,0,0,0
216.1,08:58:27,CJ_TL,0,0,0,0,0,0
216.2,08:58:27,CJ_TL,0,0,0,0,0,0
216.3,08:58:27,CJ_TL,0,0,0,0,0,0
216.4,08:58:27,CJ_TL,0,0,0,0,0,0
216.5,08:58:27,CJ_TL,0,0,0,0,0,0
216.6,08:58:27,CJ_TL,0,0,0,0,0,0
216.7,08:58:27,CJ_TL,1,0,0,0,0,0
216.8,08:58:27,CJ_TL,1,0,0,0,0,0
216.9,08:58:27,CJ_TL,1,0,0,0,0,0
217.0,08:58:27,CJ_TL,1,0,0,0,0,0
217.1,08:58:27,CJ_TL,1,0,0,0,0,0
217.2,08:58:27,CJ_TL,1,0,0,0,0,0
217.3,08:58:27,CJ_TL,1,0,0,0,0,0
217.4,08:58:27,CJ_TL,1,0,0,0,0,0
217.5,08:58:27,CJ_TL,1,0,0,0,0,0
217.6,08:58:27,CJ_TL,1,0,0,0,0,0
217.7,08:58:27,CJ_TL,1,0,0,0,0,0
217.8,08:58:27,CJ_TL,2,0,0,0,0,1
217.9,08:58:27,CJ_TL,2,0,0,0,0,0
218.0,08:58:27,CJ_TL,2,0,0,0,0,0
218.1,08:58:27,CJ_TL,2,0,0,0,0,0
218.2,08:58:27,CJ_TL,2,0,0,0,0,0
218.3,08:58:27,CJ_TL,2,0,0,0,0,0
218.4,08:58:27,CJ_TL,2,0,0,0,0,0
218.5,08:58:27,CJ_TL,2,0,0,0,0,0
218.6,08:58:27,CJ_TL,2,0,0,0,0,0
218.7,08:58:27,CJ_TL,2,0,0,0,0,0
218.8,08:58:27,CJ_TL,2,0,0,0,0,0
218.9,08:58:27,CJ_TL,3,0,0,0,0,0
219.0,08:58:27,CJ_TL,3,0,0,0,0,0
219.1,08:58:27,CJ_TL,3,0,0,0,0,0
219.2,08:58:27,CJ_TL,3,0,0,0,0,0
219.3,08:58:27,CJ_TL,3,0,0,0,0,0
219.4,08:58:27,CJ_TL,3,0,0,0,0,0
219.5,08:58:27,CJ_TL,3,0,0,0,0,0
219.6,08:58:27,CJ_TL,3,0,0,0,0,0
219.7,08:58:27,CJ_TL,3,0,0,0,0,0
219.8,08:58:27,CJ_TL,3,0,0,0,0,0
219.9,08:58:27,CJ_TL,3,0,0,0,0,0
220.0,08:58:27,CJ_TL,0,0,0,0,0,0
220.1,08:58:27,CJ_TL,0,0,0,0,0,0
220.2,08:58:27,CJ_TL,0,0,0,0,0,0
220.3,08:58:27,CJ_TL,0,0,0,0,0,0
220.4,08:58:27,CJ_TL,0,0,0,0,0,0
220.5,08:58:27,CJ_TL,0,0,0,0,0,0
220.6,08:58:27,CJ_TL,0,0,0,0,0,0
220.7,08:58:27,CJ_TL,0,0,0,0,0,0
220.8,08:58:27,CJ_TL,0,0,0,0,0,0
220.9,08:58:27,CJ_TL,0,0,0,0,0,0
221.0,08:58:27,CJ_TL,0,0,0,0,0,0
221.1,08:58:27,CJ_TL,1,0,0,0,0,0
221.2,08:58:27,CJ_TL,1,0,0,0,0,0
221.3,08:58:27,CJ_TL,1,0,0,0,0,0
221.4,08:58:27,CJ_TL,1,0,0,0,0,0
221.5,08:58:27,CJ_TL,1,0,0,0,0,0
221.6,08:58:27,CJ_TL,1,0,0,0,0,0
221.7,08:58:27,CJ_TL,1,0,0,0,0,0
221.8,08:58:27,CJ_TL,1,0,0,0,0,1
